pair_id,role,doi,pmcid,path,bytes,sha256,xml_license,status,detail,fetched_at
N3-55566,original,10.3389/fnut.2022.862475,PMC9096908,n3_fulltext\original\PMC9096908.xml,173169,50565c268b2763549ca43d25b71b0052bd6447579450bbfe7bf0e2cdd0d83fd9,https://creativecommons.org/licenses/by/4.0/,OK,,2026-09-28T20:53:35+0900
N3-55566,notice,10.3389/fnut.2023.1154894,PMC10013147,n3_fulltext\notice\PMC10013147.xml,68535,8f1fc5bb2caea6fc86e705f6d4146398788888f1d19222c5faad17f4011478f8,https://creativecommons.org/licenses/by/4.0/,OK,,2026-09-28T20:54:03+0900
N3-67785,original,10.1038/s41417-022-00501-1,PMC9663296,n3_fulltext\original\PMC9663296.xml,187733,2d36862452a7c96989713d4e4f0adeda4692ab6eafa7df7a9dae7adc346676c5,https://creativecommons.org/licenses/by/4.0/,OK,,2026-09-28T20:54:04+0900
N3-67785,notice,10.1038/s41417-022-00519-5,PMC9663295,n3_fulltext\notice\PMC9663295.xml,14528,5eec503136d8ea88dbf222323be8eccf8e1f9b82bafd7057ca7ddad7ee97ff1c,https://creativecommons.org/licenses/by/4.0/,OK,,2026-09-28T20:54:06+0900
N3-37280,original,10.1186/s13098-021-00733-5,PMC8522222,n3_fulltext\original\PMC8522222.xml,136322,cbdb66261ce35a4c5cdf016f2c6dab37ede38ac4519dd2b3df10b29ccd9ec246,https://creativecommons.org/licenses/by/4.0/,OK,,2026-09-28T20:54:07+0900
N3-37280,notice,10.1186/s13098-022-00838-5,PMC9077956,n3_fulltext\notice\PMC9077956.xml,14186,33c9ec48fca486c1195aabed2805d3e11d0c05996e88719a76a159e82fd3c873,https://creativecommons.org/licenses/by/4.0/,OK,,2026-09-28T20:54:09+0900
N3-36620,original,10.1038/s41598-021-90189-4,PMC8138022,n3_fulltext\original\PMC8138022.xml,99496,2cc89713fa5daa3d45fe25443d001201629109d9fe7c33a528c533f242d8fd4e,https://creativecommons.org/licenses/by/4.0/,OK,,2026-09-28T20:54:10+0900
N3-36620,notice,10.1038/s41598-021-97181-y,PMC8404174,n3_fulltext\notice\PMC8404174.xml,18802,89f8430d161197416b811d67b3ca431ad88ba117a8df217281f36341ed5a20b8,https://creativecommons.org/licenses/by/4.0/,OK,,2026-09-28T20:54:11+0900
N3-33231,original,10.1186/s13018-019-1496-z,PMC6971952,n3_fulltext\original\PMC6971952.xml,59984,f89311ea35d05e182c946511ae4642152840fca41be33b2b133895d1ba078666,https://creativecommons.org/licenses/by/4.0/,OK,,2026-09-28T20:54:13+0900
N3-33231,notice,10.1186/s13018-020-01892-3,PMC7439660,n3_fulltext\notice\PMC7439660.xml,17213,079eb64d2dcc4e0b4001da6e755bb9c1e116d81402f150808f39d66d0cb4596a,https://creativecommons.org/licenses/by/4.0/,OK,,2026-09-28T20:54:14+0900
N3-55566,original,10.3389/fnut.2022.862475,PMC9096908,n3_fulltext\original\PMC9096908.xml,173169,50565c268b2763549ca43d25b71b0052bd6447579450bbfe7bf0e2cdd0d83fd9,https://creativecommons.org/licenses/by/4.0/,EXISTING,,2026-09-28T20:55:54+0900
N3-55566,notice,10.3389/fnut.2023.1154894,PMC10013147,n3_fulltext\notice\PMC10013147.xml,68535,8f1fc5bb2caea6fc86e705f6d4146398788888f1d19222c5faad17f4011478f8,https://creativecommons.org/licenses/by/4.0/,EXISTING,,2026-09-28T20:55:54+0900
N3-67785,original,10.1038/s41417-022-00501-1,PMC9663296,n3_fulltext\original\PMC9663296.xml,187733,2d36862452a7c96989713d4e4f0adeda4692ab6eafa7df7a9dae7adc346676c5,https://creativecommons.org/licenses/by/4.0/,EXISTING,,2026-09-28T20:55:54+0900
N3-67785,notice,10.1038/s41417-022-00519-5,PMC9663295,n3_fulltext\notice\PMC9663295.xml,14528,5eec503136d8ea88dbf222323be8eccf8e1f9b82bafd7057ca7ddad7ee97ff1c,https://creativecommons.org/licenses/by/4.0/,EXISTING,,2026-09-28T20:55:54+0900
N3-37280,original,10.1186/s13098-021-00733-5,PMC8522222,n3_fulltext\original\PMC8522222.xml,136322,cbdb66261ce35a4c5cdf016f2c6dab37ede38ac4519dd2b3df10b29ccd9ec246,https://creativecommons.org/licenses/by/4.0/,EXISTING,,2026-09-28T20:55:54+0900
N3-37280,notice,10.1186/s13098-022-00838-5,PMC9077956,n3_fulltext\notice\PMC9077956.xml,14186,33c9ec48fca486c1195aabed2805d3e11d0c05996e88719a76a159e82fd3c873,https://creativecommons.org/licenses/by/4.0/,EXISTING,,2026-09-28T20:55:54+0900
N3-36620,original,10.1038/s41598-021-90189-4,PMC8138022,n3_fulltext\original\PMC8138022.xml,99496,2cc89713fa5daa3d45fe25443d001201629109d9fe7c33a528c533f242d8fd4e,https://creativecommons.org/licenses/by/4.0/,EXISTING,,2026-09-28T20:55:54+0900
N3-36620,notice,10.1038/s41598-021-97181-y,PMC8404174,n3_fulltext\notice\PMC8404174.xml,18802,89f8430d161197416b811d67b3ca431ad88ba117a8df217281f36341ed5a20b8,https://creativecommons.org/licenses/by/4.0/,EXISTING,,2026-09-28T20:55:54+0900
N3-33231,original,10.1186/s13018-019-1496-z,PMC6971952,n3_fulltext\original\PMC6971952.xml,59984,f89311ea35d05e182c946511ae4642152840fca41be33b2b133895d1ba078666,https://creativecommons.org/licenses/by/4.0/,EXISTING,,2026-09-28T20:55:54+0900
N3-33231,notice,10.1186/s13018-020-01892-3,PMC7439660,n3_fulltext\notice\PMC7439660.xml,17213,079eb64d2dcc4e0b4001da6e755bb9c1e116d81402f150808f39d66d0cb4596a,https://creativecommons.org/licenses/by/4.0/,EXISTING,,2026-09-28T20:55:54+0900
N3-45017,original,10.2807/1560-7917.ES.2020.25.3.2000045,PMC6988269,n3_fulltext\original\PMC6988269.xml,87680,853dd297a4e95fb43bed3f9fb7c494d7658978c705628f8f87b339a245b62dc3,http://creativecommons.org/licenses/by/4.0/,OK,,2026-09-28T20:55:54+0900
N3-45017,notice,10.2807/1560-7917.ES.2021.26.5.210204e,PMC7863227,n3_fulltext\notice\PMC7863227.xml,6806,f15dc78382070442ee35b15e919bea6775a735baec96d46d46b0197512a9f22f,http://creativecommons.org/licenses/by/4.0/,OK,,2026-09-28T20:55:55+0900
N3-24316,original,10.2807/1560-7917.ES.2020.25.33.1900538,PMC7441603,n3_fulltext\original\PMC7441603.xml,121628,89ce5a8dd2f9e44212e4c53d679681a5f04b0cc464bf7d6eb7429d4f399db885,http://creativecommons.org/licenses/by/4.0/,OK,,2026-09-28T20:55:56+0900
N3-24316,notice,10.2807/1560-7917.ES.2020.25.39.201001en,PMC7531070,n3_fulltext\notice\PMC7531070.xml,8056,73002f0c9b530f6b7ba6c0f7a28ce83dce3e76c7c6948d3709a329843719b97b,http://creativecommons.org/licenses/by/4.0/,OK,,2026-09-28T20:55:58+0900
N3-42200,original,10.1186/s12943-019-0958-6,PMC6378730,n3_fulltext\original\PMC6378730.xml,94206,41139d2c10e18e42d2f25fa989fc1e3c4065a7ff1d1386357b0f52f91399b281,https://creativecommons.org/licenses/by/4.0/,OK,,2026-09-28T20:55:59+0900
N3-42200,notice,10.1186/s12943-020-01252-z,PMC7487545,n3_fulltext\notice\PMC7487545.xml,12380,1c3c426e77dd67e10e5d95b670c3e98a28613af384b4d176370d2962080a8940,https://creativecommons.org/licenses/by/4.0/,OK,,2026-09-28T20:56:01+0900
N3-37494,original,10.1038/s41598-019-44350-9,PMC6538745,n3_fulltext\original\PMC6538745.xml,14712,9a391ab551f6a515b05b6e79671411f146269a7f32bc4a8db7d63327643dcca7,https://creativecommons.org/licenses/by/4.0/,PARTIAL,본문(<body>) 없음 - 초록만 있을 수 있음,2026-09-28T20:56:02+0900
N3-37494,notice,10.1038/s41598-020-75948-z,PMC7645717,n3_fulltext\notice\PMC7645717.xml,12965,38572bc7c28b49d194e80c1ebaa3e51096f68b5259daa6ef0ec3c81e800da887,https://creativecommons.org/licenses/by/4.0/,OK,,2026-09-28T20:56:03+0900
N3-37599,original,10.1371/journal.ppat.1007416,PMC6287816,n3_fulltext\original\PMC6287816.xml,146423,cf1187c659efb0336e10dd49d34b6f7cda389e4e2cce8e55eb0111acc37faf19,http://creativecommons.org/licenses/by/4.0/,OK,,2026-09-28T20:56:04+0900
N3-37599,notice,10.1371/journal.ppat.1010579,PMC9159590,n3_fulltext\notice\PMC9159590.xml,21133,f92cf236cf0ba3c0e83f7b723978fbc8fa4717b604a3e483bd00c44d3a0f8c81,https://creativecommons.org/licenses/by/4.0/,OK,,2026-09-28T20:56:05+0900
N3-70118,original,10.3389/fphar.2018.00022,PMC5797611,n3_fulltext\original\PMC5797611.xml,99264,313c5439e27170df0ddd31e064dc0e91d09bc56323686adff730c63d9e1e01de,https://creativecommons.org/licenses/by/4.0/,OK,,2026-09-28T20:56:07+0900
N3-70118,notice,10.3389/fphar.2021.605592,PMC8108601,n3_fulltext\notice\PMC8108601.xml,15576,54594707507c60902bfe3d4cba665d9139595b70a4b04f118746fcd561d40531,https://creativecommons.org/licenses/by/4.0/,OK,,2026-09-28T20:56:08+0900
N3-18754,original,10.1242/jcs.194571,PMC5612171,n3_fulltext\original\PMC5612171.xml,176919,ab85f563a5c37d9185113edf3371339ec831d1c376ae03a3b2aaf5d8cf53b191,https://creativecommons.org/licenses/by/3.0/,OK,,2026-09-28T20:56:09+0900
N3-18754,notice,10.1242/jcs.221580,PMC6295120,n3_fulltext\notice\PMC6295120.xml,6072,97797a46c77360e59733f88aca3a4c8cd6e6afa44b8733e237474e88fc76eeb2,,PARTIAL,출판사가 XML 배포를 허용하지 않음,2026-09-28T20:56:11+0900
N3-11814,original,10.1038/sdata.2016.120,PMC5283063,n3_fulltext\original\PMC5283063.xml,74088,7fa64cc78c0037eaa7eecf1e82098175bab62851e773d33fdac8296239b77d78,http://creativecommons.org/licenses/by/4.0,OK,,2026-09-28T20:56:12+0900
N3-11814,notice,10.1038/sdata.2017.119,PMC5584394,n3_fulltext\notice\PMC5584394.xml,13177,03ad87f66a5c89080989b51cb2d663d48cfb57381ae33a1eedea5d131b2cfef3,http://creativecommons.org/licenses/by/4.0/,OK,,2026-09-28T20:56:13+0900
N3-23292,original,10.1038/ncomms8956,PMC4532886,n3_fulltext\original\PMC4532886.xml,135371,ae547a1774371fc1aae5bd5d4fbfcb46a1fda924615f70d18d265785ef11b076,http://creativecommons.org/licenses/by/4.0/,OK,,2026-09-28T20:56:14+0900
N3-23292,notice,10.1038/ncomms10703,PMC4748230,n3_fulltext\notice\PMC4748230.xml,10907,a80279123f8b4414a5332b46aa4c1d3932dbc535545f31f101a872e34f8dd871,http://creativecommons.org/licenses/by/4.0/,OK,,2026-09-28T20:56:16+0900
N3-9514,original,10.1371/journal.pone.0140474,PMC4636391,n3_fulltext\original\PMC4636391.xml,136581,b2b5a077fc379659bf2824ba63bc09e1a96cff15dc2999e073b5216720ab945f,http://creativecommons.org/licenses/by/4.0/,OK,,2026-09-28T20:56:17+0900
N3-9514,notice,10.1371/journal.pone.0145024,PMC4674060,n3_fulltext\notice\PMC4674060.xml,8347,6688c525fd2e6cbb83e9022908eb8379be66327b9be2961127d3771dca1d4110,http://creativecommons.org/licenses/by/4.0/,OK,,2026-09-28T20:56:20+0900
N3-9540,original,10.1155/2014/210401,PMC4082881,n3_fulltext\original\PMC4082881.xml,146108,a2381de6f2db146ec16367b58236bcabcce2fb1a3e3c70dc24be3835f3d91248,https://creativecommons.org/licenses/by/3.0/,OK,,2026-09-28T20:56:21+0900
N3-9540,notice,10.1155/2015/314651,PMC4617881,n3_fulltext\notice\PMC4617881.xml,11404,d2fe5233c4746553290ff4e7e566dc2e2736f2af3968d7e372006a22ab8b92f7,,OK,,2026-09-28T20:56:23+0900
N3-9785,original,10.1371/journal.ppat.1003883,PMC3894208,n3_fulltext\original\PMC3894208.xml,190983,c7325d410ea1768aa4b2337ee44e51388fba20c9a1d549e2d28f4346ae43a42d,http://creativecommons.org/licenses/by/4.0/,OK,,2026-09-28T20:56:24+0900
N3-9785,notice,10.1371/journal.ppat.1004814,PMC4393137,n3_fulltext\notice\PMC4393137.xml,9559,230f5ffc991e653e15d69315062b25f7fccfc640917740d4ac02de201aaf6298,http://creativecommons.org/licenses/by/4.0/,OK,,2026-09-28T20:56:25+0900
N3-8987,original,10.1186/gb-2013-14-10-r115,PMC4015143,n3_fulltext\original\PMC4015143.xml,241951,35e928b1df3f33291e2cd1d42ed6322f8ec231b39e4ecfe965f7a3edbef4479e,http://creativecommons.org/licenses/by/2.0,OK,,2026-09-28T20:56:26+0900
N3-8987,notice,10.1186/s13059-015-0649-6,PMC4427927,n3_fulltext\notice\PMC4427927.xml,29117,bb98f3cdeee84371dd47f5afc8e639c4b13b38a7badfd4c6aaf733ce193694e6,https://creativecommons.org/licenses/by/4.0/,OK,,2026-09-28T20:56:28+0900
N3-64827,original,10.1007/s11051-013-2111-6,PMC3857862,n3_fulltext\original\PMC3857862.xml,105168,4c7aa53d264f6bf84579a64c558c7638c93e5cc05074097efefc93151b127a21,https://creativecommons.org/licenses/by/2.0/,OK,,2026-09-28T20:56:29+0900
N3-64827,notice,10.1007/s11051-022-05515-2,,n3_fulltext\notice\crossref_10.1007_s11051-022-05515-2.json,4328,196b4dc9ec441d30f302fe3b8a5c98c23f4f3f60dbf8d5cfd6893d8fbba200c6,,METADATA_ONLY,PMC에 없어 Crossref 메타데이터만 저장,2026-09-28T20:56:31+0900
N3-64882,original,10.1371/journal.pone.0053834,PMC3545875,n3_fulltext\original\PMC3545875.xml,65662,4c89d6e7069e5ea39e2640cea48fadd6c1ff17e2a6d8440aab2898c8e160031f,http://creativecommons.org/licenses/by/4.0/,OK,,2026-09-28T20:56:33+0900
N3-64882,notice,10.1371/journal.pone.0152830,PMC4811421,n3_fulltext\notice\PMC4811421.xml,10685,3b38506e1eab8f77c655cd0e46fac9c21729753c10e1c4bd43c7a30e41aedaa1,http://creativecommons.org/licenses/by/4.0/,OK,,2026-09-28T20:56:35+0900
N3-22829,original,10.1074/jbc.M112.425751,PMC3784698,n3_fulltext\original\PMC3784698.xml,11374,9ae8c18a4ae3752960e0cc09df5426e0e3ed867d95aedccbb0c3b009bf4c7f6d,,PARTIAL,출판사가 XML 배포를 허용하지 않음,2026-09-28T20:56:36+0900
N3-22829,notice,10.1074/jbc.A112.425751,PMC3937630,n3_fulltext\notice\PMC3937630.xml,6634,d7d1967ee4c6f3d6b86f2026757d17a899e95cb02dbe660030b820e1f3c1194e,,PARTIAL,출판사가 XML 배포를 허용하지 않음,2026-09-28T20:56:37+0900
N3-24370,original,10.1371/journal.pone.0066275,PMC3672132,n3_fulltext\original\PMC3672132.xml,114977,e0fd88ce38c479e925ceae541a55a18fff184d6a06dac63799cea9d960ae24c9,http://creativecommons.org/licenses/by/4.0/,OK,,2026-09-28T20:56:38+0900
N3-24370,notice,10.1371/annotation/0f309de5-f22e-4f59-b3a2-5991e1f3ce28,PMC3680327,n3_fulltext\notice\PMC3680327.xml,7693,8fc15cd3b2c7d51ade348552c4085935eb031d5f28e7902474e7f717c9a8c0bb,http://creativecommons.org/licenses/by/4.0/,OK,,2026-09-28T20:56:40+0900
N3-20207,original,10.1074/jbc.M112.385542,PMC3460469,n3_fulltext\original\PMC3460469.xml,11620,e27ea5f0864b33e1d55a07bfddc5270076e9b3e32d5df619124e47e0b0ff4c15,,PARTIAL,출판사가 XML 배포를 허용하지 않음,2026-09-28T20:56:41+0900
N3-20207,notice,10.1074/jbc.AAC119.008182,PMC6433068,n3_fulltext\notice\PMC6433068.xml,6905,3b8bc5b1cb21a9e08a812ed0c43b60a5a90d9f1a2cdf72fc30df5d76f561802f,,PARTIAL,출판사가 XML 배포를 허용하지 않음,2026-09-28T20:56:42+0900
N3-66166,original,10.1002/lary.32128,PMC12082003,n3_fulltext\original\PMC12082003.xml,102659,12de11a650cdbaec6ea18d9266e3f5f27af589cf397b864e57e6abf18758d6cf,https://creativecommons.org/licenses/by/4.0/,OK,,2026-09-28T20:56:43+0900
N3-66166,notice,10.1002/lary.32397,PMC12587347,n3_fulltext\notice\PMC12587347.xml,9096,69369af9adc486dcc558a8eaf94527c93a0ea5bbcf3546cbb01b6255842be786,,PARTIAL,출판사가 XML 배포를 허용하지 않음,2026-09-28T20:56:45+0900
N3-66120,original,10.1371/journal.pone.0320595,PMC11957305,n3_fulltext\original\PMC11957305.xml,132867,ad4ce5b84d4d4fbd292df943872a7a5ebadcaaba82037f8cd990d70a2ced0caa,https://creativecommons.org/licenses/by/4.0/,OK,,2026-09-28T20:56:46+0900
N3-66120,notice,10.1371/journal.pone.0327838,PMC12244674,n3_fulltext\notice\PMC12244674.xml,10357,27bdeb3914ab5851a3c607b99b17fd70ae6401bfe50678067a1e78b65efb5e75,https://creativecommons.org/licenses/by/4.0/,OK,,2026-09-28T20:56:47+0900
N3-73065,original,10.1371/journal.pone.0328913,PMC12334007,n3_fulltext\original\PMC12334007.xml,196817,6df27b7977f7c9313de57afa1fe44c4e9aa8ed5389dcd8edd74ba58e51d0c53f,https://creativecommons.org/licenses/by/4.0/,OK,,2026-09-28T20:56:48+0900
N3-73065,notice,10.1371/journal.pone.0346206,PMC13042641,n3_fulltext\notice\PMC13042641.xml,9449,2aa5e68a02c4f8e7a2d958143c6a482dade8abefb49cc708e76847329f6af070,https://creativecommons.org/licenses/by/4.0/,OK,,2026-09-28T20:56:50+0900
N3-69453,original,10.1371/journal.pone.0309291,PMC11449280,n3_fulltext\original\PMC11449280.xml,161955,4766497ab3db57cebffe1362199f994508131516ecb3ab97ebc65be99717b3cb,https://creativecommons.org/licenses/by/4.0/,OK,,2026-09-28T20:56:51+0900
N3-69453,notice,10.1371/journal.pone.0342441,PMC12880671,n3_fulltext\notice\PMC12880671.xml,8839,0d7aa30234bf2069a28a33b623581fdf1ec94c2c44d6f83799207d5da113ec83,https://creativecommons.org/licenses/by/4.0/,OK,,2026-09-28T20:56:53+0900
N3-44214,original,10.1186/s13034-022-00550-2,PMC9835742,n3_fulltext\original\PMC9835742.xml,232959,e9673cecb6127218685cd81ade58fa426ab19c5b6de817ae4519b7f31f7df5ec,https://creativecommons.org/licenses/by/4.0/,OK,,2026-09-28T20:56:53+0900
N3-44214,notice,10.1186/s13034-023-00603-0,PMC10148474,n3_fulltext\notice\PMC10148474.xml,12597,df481ddf0f79d3d8dc003d07dbed8c7e1d35a418cdf0dac5a80051100d21293b,https://creativecommons.org/licenses/by/4.0/,OK,,2026-09-28T20:56:55+0900
N3-47668,original,10.14814/phy2.15627,PMC10006606,n3_fulltext\original\PMC10006606.xml,118232,617e065cfb5b169e56a8b5c0ac302305ee00f7bc96198a59deb7b48c02b342d4,https://creativecommons.org/licenses/by/4.0/,OK,,2026-09-28T20:56:56+0900
N3-47668,notice,10.14814/phy2.15830,PMC10523255,n3_fulltext\notice\PMC10523255.xml,9391,210789a67091003ef0a7f45f79a5f0083ed2ade65f662f95c5dc2260a17c62b4,https://creativecommons.org/licenses/by/4.0/,OK,,2026-09-28T20:56:58+0900
N3-45344,original,10.1002/iid3.789,PMC9950878,n3_fulltext\original\PMC9950878.xml,80849,fee70f13790fd566940f7ed9c03692479a8893044712ed96dbd642679cb13cb2,https://creativecommons.org/licenses/by/4.0/,OK,,2026-09-28T20:56:59+0900
N3-45344,notice,10.1002/iid3.884,PMC10228287,n3_fulltext\notice\PMC10228287.xml,5799,6bd17c003973610b806bb50981a5a3c29cbf38f6370e1962fbe46669fffc5ee6,,PARTIAL,출판사가 XML 배포를 허용하지 않음,2026-09-28T20:57:00+0900
N3-63942,original,10.1002/fsn3.3681,PMC10724588,n3_fulltext\original\PMC10724588.xml,83166,a302c7e6f0925099c8c6bdc6a35abfd5d0a5971dbaf32cc644189cdd9a4c0926,https://creativecommons.org/licenses/by/4.0/,OK,,2026-09-28T20:57:01+0900
N3-63942,notice,10.1002/fsn3.70126,PMC11982178,n3_fulltext\notice\PMC11982178.xml,10096,6fbc945ea71618b0530cfdb5d2ff639a9d0ba1390ac241c576c0b3ede7d839cf,https://creativecommons.org/licenses/by/4.0/,OK,,2026-09-28T20:57:03+0900
N3-72815,original,10.1038/s41586-023-06013-8,PMC10208976,n3_fulltext\original\PMC10208976.xml,213125,2d5b42fa5aca3727d25b648062c47c0050bad378219cc3c7e1702233bff73333,https://creativecommons.org/licenses/by/4.0/,OK,,2026-09-28T20:57:04+0900
N3-72815,notice,10.1038/s41586-026-10355-4,PMC13061612,n3_fulltext\notice\PMC13061612.xml,11801,2370cb6fd8d636916ce1857ca4933893be984c4ddefd095d4a6dad0a0456becb,https://creativecommons.org/licenses/by/4.0/,OK,,2026-09-28T20:57:05+0900
N3-49662,original,10.3390/medicina59020283,PMC9959238,n3_fulltext\original\PMC9959238.xml,108736,f19929e9706f3ba06a58a323cfcf9c55fcb8fb5ed706a102d819dffa99ec35f3,https://creativecommons.org/licenses/by/4.0/,OK,,2026-09-28T20:57:07+0900
N3-49662,notice,10.3390/medicina59111900,PMC10672777,n3_fulltext\notice\PMC10672777.xml,16799,f959bb709d3c4d4d0597a9899a434bb75f0688a36576afec9b4617b9b9e8036a,https://creativecommons.org/licenses/by/4.0/,OK,,2026-09-28T20:57:08+0900
N3-49661,original,10.3390/pharmaceutics15051565,PMC10221776,n3_fulltext\original\PMC10221776.xml,164644,032bb37f63b7e36b295590ab5ead237b412f7165a44bf84afc13ca0f1e048b52,https://creativecommons.org/licenses/by/4.0/,OK,,2026-09-28T20:57:09+0900
N3-49661,notice,10.3390/pharmaceutics15112596,PMC10675733,n3_fulltext\notice\PMC10675733.xml,14606,2d6dcb549bcc2a98d0fe55eaccc258b8487d0fe6ad443dd2f8d00fdcc065af0b,https://creativecommons.org/licenses/by/4.0/,OK,,2026-09-28T20:57:11+0900
N3-51861,original,10.3390/cancers15164044,PMC10452505,n3_fulltext\original\PMC10452505.xml,104190,1727a5a553e4c1029ed247aaee45e31ea6556850f25540a9a29f7cf00626acf1,https://creativecommons.org/licenses/by/4.0/,OK,,2026-09-28T20:57:12+0900
N3-51861,notice,10.3390/cancers16030493,PMC10854773,n3_fulltext\notice\PMC10854773.xml,11655,380e9654f96bcfa0a06820b9226fdd1d5085ea6ee08f87d905f715e922027dd8,https://creativecommons.org/licenses/by/4.0/,OK,,2026-09-28T20:57:13+0900
N3-53783,original,10.1093/braincomms/fcad160,PMC10231803,n3_fulltext\original\PMC10231803.xml,14460,a986bd1778736c5ba5a91c10cc73dd366a975f9d35e1d7eab4b7bfdd2b63ca2c,https://creativecommons.org/licenses/by/4.0/,PARTIAL,본문(<body>) 없음 - 초록만 있을 수 있음,2026-09-28T20:57:14+0900
N3-53783,notice,10.1093/braincomms/fcae149,PMC11131013,n3_fulltext\notice\PMC11131013.xml,7651,f918f5b4ed84ac8fd8ecae441d31bab48a04c7ba6f2a77dade95d29014767939,https://creativecommons.org/licenses/by/4.0/,OK,,2026-09-28T20:57:16+0900
N3-58210,original,10.1186/s12905-023-02549-z,PMC10387195,n3_fulltext\original\PMC10387195.xml,83985,718e7a946608d31538249a91681f17adecd36dbe8c497ef6680567cbabc33a13,https://creativecommons.org/licenses/by/4.0/,OK,,2026-09-28T20:57:17+0900
N3-58210,notice,10.1186/s12905-024-03419-y,PMC11520383,n3_fulltext\notice\PMC11520383.xml,17236,82145fcce1f2313b565742e9f7a02d77255e07dee3aa7e6edeee74010cf614c7,https://creativecommons.org/licenses/by/4.0/,OK,,2026-09-28T20:57:19+0900
N3-56477,original,10.1186/s12889-023-16615-6,PMC10463673,n3_fulltext\original\PMC10463673.xml,97440,4fc084dc07b9bb541033727a8ca6490c398113edd1acbd4d3af6f8b71532dd9a,https://creativecommons.org/licenses/by/4.0/,OK,,2026-09-28T20:57:20+0900
N3-56477,notice,10.1186/s12889-024-19943-3,PMC11378499,n3_fulltext\notice\PMC11378499.xml,8772,94e9bb45a15bad3aaa2638c835f6d57176429405636ae0fa45348ddb797b2095,https://creativecommons.org/licenses/by/4.0/,OK,,2026-09-28T20:57:21+0900
N3-47504,original,10.1007/s00280-022-04428-0,PMC9135823,n3_fulltext\original\PMC9135823.xml,147007,67befb88cfb12f7020c5fbc47500926398ff4040f963ff007b948b11979891e1,https://creativecommons.org/licenses/by/4.0/,OK,,2026-09-28T20:57:22+0900
N3-47504,notice,10.1007/s00280-023-04587-8,PMC11043094,n3_fulltext\notice\PMC11043094.xml,10695,7ffe98a0431b3d5c2d0b40e16e7ddabb7196c510e699c0e2fb8ec419c20695ca,https://creativecommons.org/licenses/by/4.0/,OK,,2026-09-28T20:57:24+0900
N3-46739,original,10.1007/s00125-022-05718-1,PMC9345846,n3_fulltext\original\PMC9345846.xml,111563,f680272ca80f7ccc3fc5d86ce136d08adbfbf2b9089644e5349897ceec8796f1,https://creativecommons.org/licenses/by/4.0/,OK,,2026-09-28T20:57:25+0900
N3-46739,notice,10.1007/s00125-023-05983-8,PMC10542297,n3_fulltext\notice\PMC10542297.xml,11731,cfaa52c4a6fad32f4f396fd09533745c35ac9d1762105713295654bde145a37a,https://creativecommons.org/licenses/by/4.0/,OK,,2026-09-28T20:57:26+0900
N3-48059,original,10.1186/s13023-022-02221-z,PMC8862355,n3_fulltext\original\PMC8862355.xml,115408,8494fa4891cf5851794bf59058425665327204ade87ac9fa087092f5c858f395,https://creativecommons.org/licenses/by/4.0/,OK,,2026-09-28T20:57:27+0900
N3-48059,notice,10.1186/s13023-023-02949-2,PMC10566181,n3_fulltext\notice\PMC10566181.xml,12892,79efe7be8a16c209bf4bd7fa876839bd59e9a28c9d0198f9dc5b7dd929e7f537,https://creativecommons.org/licenses/by/4.0/,OK,,2026-09-28T20:57:29+0900
N3-45540,original,10.1063/5.0109107,PMC9653270,n3_fulltext\original\PMC9653270.xml,301975,8720333c9f0832508334af384689e1e41e9cc53881cf760f9bae0ce5d384b19c,https://creativecommons.org/licenses/by/4.0/,OK,,2026-09-28T20:57:30+0900
N3-45540,notice,10.1063/5.0158314,PMC10274263,n3_fulltext\notice\PMC10274263.xml,7649,13b00c26435fc849f756c50ff1fe6fb81fa0a5f619ac4eb371f0091445a5c481,,PARTIAL,출판사가 XML 배포를 허용하지 않음,2026-09-28T20:57:32+0900
N3-45620,original,10.1371/journal.pntd.0010000,PMC9135371,n3_fulltext\original\PMC9135371.xml,132155,1cb2c4db914772b94fec08314c9a9156f5660dd63585d1b813dd7628c70a64b8,https://creativecommons.org/licenses/by/4.0/,OK,,2026-09-28T20:57:33+0900
N3-45620,notice,10.1371/journal.pntd.0011417,PMC10281568,n3_fulltext\notice\PMC10281568.xml,9770,5ebac1163afe1f7da500681392ea3965b58d521301e7364d1fb6e817b8f8f57d,https://creativecommons.org/licenses/by/4.0/,OK,,2026-09-28T20:57:35+0900
N3-41133,original,10.1371/journal.pone.0275989,PMC9605034,n3_fulltext\original\PMC9605034.xml,116300,3f0c4d85b22129122afb605dca538750ad33a3577516e632cca9b088339da6ed,https://creativecommons.org/licenses/by/4.0/,OK,,2026-09-28T20:57:36+0900
N3-41133,notice,10.1371/journal.pone.0279019,PMC9728895,n3_fulltext\notice\PMC9728895.xml,9543,3719bff1650ca92106dce5a6392323cf93931eb116573abb292856647cfef825,https://creativecommons.org/licenses/by/4.0/,OK,,2026-09-28T20:57:37+0900
N3-40863,original,10.3390/genes13050913,PMC9140448,n3_fulltext\original\PMC9140448.xml,155988,cad672bbf7f73ad4f5424e00a43cfcf9f96f7447a1c9e3b82a053283c26a612e,https://creativecommons.org/licenses/by/4.0/,OK,,2026-09-28T20:57:38+0900
N3-40863,notice,10.3390/genes13112146,PMC9691067,n3_fulltext\notice\PMC9691067.xml,15740,a0880c7f074d9ef91c8f95bf20ae7809f62aeca63bbf55694868b4d4cc4a2431,https://creativecommons.org/licenses/by/4.0/,OK,,2026-09-28T20:57:40+0900
N3-67600,original,10.1186/s12884-022-04704-0,PMC9063060,n3_fulltext\original\PMC9063060.xml,148497,b473bb698a955e62baf870452220d9b021245fab97d4ac3032165d05c159510e,https://creativecommons.org/licenses/by/4.0/,OK,,2026-09-28T20:57:41+0900
N3-67600,notice,10.1186/s12884-025-08163-1,PMC12439359,n3_fulltext\notice\PMC12439359.xml,10033,71f45c6c9f7782e7a59741ef22dd4f435d1e952e9ec7a895fc9967fe0d06b6cf,https://creativecommons.org/licenses/by/4.0/,OK,,2026-09-28T20:57:43+0900
N3-69026,original,10.3390/neurolint14020037,PMC9227824,n3_fulltext\original\PMC9227824.xml,144351,cf4be50345f4fd5c9f622e025e0ef95d4c1dad50b60813f54581ddee602893ce,https://creativecommons.org/licenses/by/4.0/,OK,,2026-09-28T20:57:44+0900
N3-69026,notice,10.3390/neurolint17120207,PMC12713324,n3_fulltext\notice\PMC12713324.xml,15741,6dda243f0d52383bf0c592f85f178fe9e28502ed005fac5771de0d0b91ab46a5,https://creativecommons.org/licenses/by/4.0/,OK,,2026-09-28T20:57:45+0900
N3-66991,original,10.1371/journal.pone.0263069,PMC8812897,n3_fulltext\original\PMC8812897.xml,185553,12034f77d1d9d5b4ee9c86775fb1a4b3f4adddb8a866373d59e5404f36bc0628,https://creativecommons.org/licenses/by/4.0/,OK,,2026-09-28T20:57:46+0900
N3-66991,notice,10.1371/journal.pone.0331693,PMC12416697,n3_fulltext\notice\PMC12416697.xml,9601,d6da3de68ab19fcd50f0122be6bc122ef2216f6dbb5958087f4a642d8f13f626,https://creativecommons.org/licenses/by/4.0/,OK,,2026-09-28T20:57:48+0900
N3-72112,original,10.3390/pediatric14040053,PMC9680333,n3_fulltext\original\PMC9680333.xml,77960,0c77f35cea4b9efe3b6ca81c25f0fd751e0c2e648c5997091f1715b6ce1af927,https://creativecommons.org/licenses/by/4.0/,OK,,2026-09-28T20:57:49+0900
N3-72112,notice,10.3390/pediatric18040105,PMC13470958,n3_fulltext\notice\PMC13470958.xml,11998,179c190a8cf0ca1e17f6441c02b7b157ac56c9191ae8f1ca2e20c8708a84522f,https://creativecommons.org/licenses/by/4.0/,OK,,2026-09-28T20:57:51+0900
N3-69743,original,10.1371/journal.pone.0278333,PMC9731441,n3_fulltext\original\PMC9731441.xml,310434,24d304d54aa07a6e1f3c07389f8d471d6751c4461f50ab12ddfe1a9b5a486058,https://creativecommons.org/licenses/by/4.0/,OK,,2026-09-28T20:57:52+0900
N3-69743,notice,10.1371/journal.pone.0333989,PMC12503248,n3_fulltext\notice\PMC12503248.xml,9911,f27e3c059e2af484a5290e08949bcf793f44c2c503df3f0c7eae87ad3c53be85,https://creativecommons.org/licenses/by/4.0/,OK,,2026-09-28T20:57:54+0900
N3-69611,original,10.1371/journal.pone.0277706,PMC9665379,n3_fulltext\original\PMC9665379.xml,100979,ac5822cae4cd8237ee20d9e6cf5dcd6a2db6c1d16cb2181d02ca46af1559c362,https://creativecommons.org/licenses/by/4.0/,OK,,2026-09-28T20:57:55+0900
N3-69611,notice,10.1371/journal.pone.0339230,PMC12716700,n3_fulltext\notice\PMC12716700.xml,10000,e553d714571576e8a017508e66bda669b4b4ea97eff165d493ecb08ca6700a91,https://creativecommons.org/licenses/by/4.0/,OK,,2026-09-28T20:57:56+0900
N3-49665,original,10.1111/evo.14483,PMC9321733,n3_fulltext\original\PMC9321733.xml,175073,8279baa00dcc5b622e9893c8eba9696028c98d8857305090e5a3e74cd60e7977,https://creativecommons.org/licenses/by/4.0/,OK,,2026-09-28T20:57:57+0900
N3-49665,notice,10.1093/evolut/qpad182,PMC10870990,n3_fulltext\notice\PMC10870990.xml,12120,350efee2b2d4093c38039803d6eb2c28ea9f0a75c26b583033a0ba2d984fd58c,https://creativecommons.org/licenses/by/4.0/,OK,,2026-09-28T20:57:59+0900
N3-54079,original,10.1371/journal.pone.0263324,PMC8830675,n3_fulltext\original\PMC8830675.xml,127646,aea2cc768e08b1b655c43df94c157b15b1b1bcd4b195855891c321bb80a7705e,https://creativecommons.org/licenses/by/4.0/,OK,,2026-09-28T20:58:00+0900
N3-54079,notice,10.1371/journal.pone.0303781,PMC11164321,n3_fulltext\notice\PMC11164321.xml,11795,9fa18bf0e4e972730ca593bc60524603d44d2f1a22858e405a5ae5f4ca9d1d52,https://creativecommons.org/licenses/by/4.0/,OK,,2026-09-28T20:58:02+0900
N3-54053,original,10.1111/evo.14496,PMC9324078,n3_fulltext\original\PMC9324078.xml,131227,ca2ac9641c002e2bf447a06ef8a89be4f8cf6ce2dab3a65ece8950151f7b1106,https://creativecommons.org/licenses/by/4.0/,OK,,2026-09-28T20:58:03+0900
N3-54053,notice,10.1093/evolut/qpae066,PMC12342506,n3_fulltext\notice\PMC12342506.xml,12366,39f1819a3bb9bb9b6f49204cf51f921f64149f91c22976ebf47b70efc0c53c2c,https://creativecommons.org/licenses/by/4.0/,OK,,2026-09-28T20:58:04+0900
N3-44244,original,10.1017/S2045796021000408,PMC8193203,n3_fulltext\original\PMC8193203.xml,157090,aa7a42dd3b2120345424aadc804d7fdedf914ff52c56e167ad81d65ecbd3478f,https://creativecommons.org/licenses/by/4.0/,OK,,2026-09-28T20:58:06+0900
N3-44244,notice,10.1017/S2045796023000082,PMC10050949,n3_fulltext\notice\PMC10050949.xml,11142,aa5fe97534efdb56fe39a8763214415c43fedf1d61ab203760f8bfb5c9a0fe83,https://creativecommons.org/licenses/by/4.0/,OK,,2026-09-28T20:58:07+0900
N3-44504,original,10.3389/fneur.2021.673559,PMC8334187,n3_fulltext\original\PMC8334187.xml,128343,2105e0d997484842d52db5519d6297a30247cc75c7143fb7f9ea8352cf7200cb,https://creativecommons.org/licenses/by/4.0/,OK,,2026-09-28T20:58:09+0900
N3-44504,notice,10.3389/fneur.2023.1207981,PMC10175753,n3_fulltext\notice\PMC10175753.xml,7569,528fa6feb1f2688727f1d90bb1ffa17731ab1b93d665c45529ef83c6cd663c17,https://creativecommons.org/licenses/by/4.0/,OK,,2026-09-28T20:58:10+0900
N3-43894,original,10.3389/fmed.2021.692781,PMC8514722,n3_fulltext\original\PMC8514722.xml,103007,5663ba10555448423f81a28719a8ca03ddb1bc030de9ab374a380fcc3abf4541,https://creativecommons.org/licenses/by/4.0/,OK,,2026-09-28T20:58:11+0900
N3-43894,notice,10.3389/fmed.2023.1187721,PMC10093223,n3_fulltext\notice\PMC10093223.xml,8128,7577d79d33675c8cd6d53e6614385ff2d6c40f135a93e7380c8fb26441632342,https://creativecommons.org/licenses/by/4.0/,OK,,2026-09-28T20:58:13+0900
N3-45086,original,10.1038/s41598-021-94450-8,PMC8322152,n3_fulltext\original\PMC8322152.xml,211773,f6fed42e94f9c76abf73e99d3beb991f8ec3a0df85b6aba73c8dffa61637db69,https://creativecommons.org/licenses/by/4.0/,OK,,2026-09-28T20:58:14+0900
N3-45086,notice,10.1038/s41598-023-36260-8,PMC10244401,n3_fulltext\notice\PMC10244401.xml,11183,bfa67deac022f17521f5433bf38cd86423455a391b21732e47216f58f5d03ebe,https://creativecommons.org/licenses/by/4.0/,OK,,2026-09-28T20:58:16+0900
N3-38550,original,10.1371/journal.pone.0256377,PMC8372898,n3_fulltext\original\PMC8372898.xml,98544,e3c82f71e29dfbba94bb909e16f1c3451dabb66fa0d33723603913dd4aae3154,https://creativecommons.org/licenses/by/4.0/,OK,,2026-09-28T20:58:17+0900
N3-38550,notice,10.1371/journal.pone.0273165,PMC9371250,n3_fulltext\notice\PMC9371250.xml,8998,158aae9d60353a2dd27229d66655c60265be20cdb025a4bfee5e3c43b0a91235,https://creativecommons.org/licenses/by/4.0/,OK,,2026-09-28T20:58:18+0900
N3-39103,original,10.1097/MD.0000000000024219,PMC7837980,n3_fulltext\original\PMC7837980.xml,36954,b5b547d90a4b5eaee0c4e8952b158d2fe761ffb5cca5f9cafc8d476af51046c9,http://creativecommons.org/licenses/by/4.0,OK,,2026-09-28T20:58:20+0900
N3-39103,notice,10.1097/MD.0000000000030540,PMC9439762,n3_fulltext\notice\PMC9439762.xml,7820,64cd1f53e3255b6ed300841047b81677146a53cea4052ffde2b66ac1dcd2e236,https://creativecommons.org/licenses/by/4.0/,OK,,2026-09-28T20:58:21+0900
N3-37570,original,10.1038/s41467-021-24195-5,PMC8219824,n3_fulltext\original\PMC8219824.xml,84784,8d00aa155f43c91cd5bd1173418101f6b125aee46b9e5165326e3d8b2fb16381,https://creativecommons.org/licenses/by/4.0/,OK,,2026-09-28T20:58:22+0900
N3-37570,notice,10.1038/s41467-022-31001-3,PMC9174252,n3_fulltext\notice\PMC9174252.xml,11104,401c126e50878d969c25d5fb9ced9f4baf8cf642f4952d3149d5a0a87d372b2d,https://creativecommons.org/licenses/by/4.0/,OK,,2026-09-28T20:58:23+0900
N3-38259,original,10.3390/biology10080729,PMC8389600,n3_fulltext\original\PMC8389600.xml,83471,dcc880058bd3a9894aab2652dc0b51ea20a42e057936ffe578ae8a90f7cf082e,https://creativecommons.org/licenses/by/4.0/,OK,,2026-09-28T20:58:24+0900
N3-38259,notice,10.3390/biology11071038,PMC9312433,n3_fulltext\notice\PMC9312433.xml,9737,027d485a8d7793a38cfbf601874e8dd54b562407a18b42793acc536e16d48e74,https://creativecommons.org/licenses/by/4.0/,OK,,2026-09-28T20:58:26+0900
N3-41169,original,10.1371/journal.pone.0251888,PMC8136663,n3_fulltext\original\PMC8136663.xml,111540,a4c773fac0b90a699f17f0dfed3ff85c97da2761e7b0a289059ca0418886e1cb,https://creativecommons.org/licenses/by/4.0/,OK,,2026-09-28T20:58:27+0900
N3-41169,notice,10.1371/journal.pone.0279276,PMC9744293,n3_fulltext\notice\PMC9744293.xml,9526,adf5c1f4fac5dbb04e3fb97c29257b91df3d2cd61e12a02ddd1b32ea857361b4,https://creativecommons.org/licenses/by/4.0/,OK,,2026-09-28T20:58:28+0900
N3-42467,original,10.1038/s41746-021-00502-8,PMC8417264,n3_fulltext\original\PMC8417264.xml,47151,02869c99a9a72abce801c6093f6adf66414696e15626fd614c15b934bd0662b1,https://creativecommons.org/licenses/by/4.0/,OK,,2026-09-28T20:58:29+0900
N3-42467,notice,10.1038/s41746-023-00761-7,PMC9898247,n3_fulltext\notice\PMC9898247.xml,9289,58bf09cc4c09a1a7de6de4590e55d61f7996759f23dd0ac6fd66df2e29efb990,https://creativecommons.org/licenses/by/4.0/,OK,,2026-09-28T20:58:31+0900
N3-40862,original,10.3390/pathogens10091199,PMC8471232,n3_fulltext\original\PMC8471232.xml,149488,bad85e85cbca8cb0b4b52b9729db024d7bcbbef2eee3a7ad3b61f1150cf78713,https://creativecommons.org/licenses/by/4.0/,OK,,2026-09-28T20:58:33+0900
N3-40862,notice,10.3390/pathogens11111348,PMC9699190,n3_fulltext\notice\PMC9699190.xml,10372,09e81ad167fccd7405e2cb45e9a3ea4adc9ec1b19be8ce120445d1540b4afc87,https://creativecommons.org/licenses/by/4.0/,OK,,2026-09-28T20:58:34+0900
N3-64368,original,10.1371/journal.pone.0246581,PMC7904196,n3_fulltext\original\PMC7904196.xml,130427,18a9b82d8842c6c15ffe7adb65334d03cb4e79cd59a1a5ebe779df7d22a64a22,http://creativecommons.org/licenses/by/4.0/,OK,,2026-09-28T20:58:35+0900
N3-64368,notice,10.1371/journal.pone.0301648,PMC10977777,n3_fulltext\notice\PMC10977777.xml,8452,baf1affdd40623944263725d6d010711d8be36a5c573af34d6cd2f4f6bd513f3,https://creativecommons.org/licenses/by/4.0/,OK,,2026-09-28T20:58:36+0900
N3-72111,original,10.3390/brainsci11091222,PMC8472250,n3_fulltext\original\PMC8472250.xml,127565,16d3d1d9e3c7a1c65a8dbab1512c5361496e785fa5bdaa5f7b969ff812d6f2ba,https://creativecommons.org/licenses/by/4.0/,OK,,2026-09-28T20:58:38+0900
N3-72111,notice,10.3390/brainsci16080826,PMC13435942,n3_fulltext\notice\PMC13435942.xml,12065,9dea437f4f67f2aeca09ec57b070832956bf74ec8075fe1b6ba64208fdf4e2d3,https://creativecommons.org/licenses/by/4.0/,OK,,2026-09-28T20:58:39+0900
N3-49982,original,10.1136/bmj.n254,PMC7944367,n3_fulltext\original\PMC7944367.xml,118156,874ded8b22be2e49283412e8997564af9faaf94dbe4406c7756ef0959cf50a4a,https://creativecommons.org/licenses/by/4.0/,OK,,2026-09-28T20:58:40+0900
N3-49982,notice,10.1136/bmj.p2705,PMC10696435,n3_fulltext\notice\PMC10696435.xml,10831,2b7e58cb7f3420d0fbfb05af43dc18fc4244e9786e62e3d1382b8266fe5aa4ea,https://creativecommons.org/licenses/by-nc/4.0/,OK,,2026-09-28T20:58:42+0900
N3-49365,original,10.1002/fsn3.2202,PMC8116852,n3_fulltext\original\PMC8116852.xml,88469,9e308d3616bfdf48e2166fd490199737f45717bc32d20375d0abd5e330a16455,https://creativecommons.org/licenses/by/4.0/,OK,,2026-09-28T20:58:43+0900
N3-49365,notice,10.1002/fsn3.3719,PMC10630798,n3_fulltext\notice\PMC10630798.xml,8666,e4a724b76f76b73a7d6b463f507029ae439424aefa69fd539a6d4c10801aef7e,https://creativecommons.org/licenses/by/4.0/,OK,,2026-09-28T20:58:45+0900
N3-59711,original,10.1099/mgen.0.000597,PMC8477405,n3_fulltext\original\PMC8477405.xml,147694,b4bc0383a1553d369dc7fed134ebc81367932422b8dd624472891461fede61e4,https://creativecommons.org/licenses/by/4.0/,OK,,2026-09-28T20:58:45+0900
N3-59711,notice,10.1099/mgen.0.001343,PMC11899083,n3_fulltext\notice\PMC11899083.xml,11361,19da94fac9f004a4f59c9b65185bc27708bc527bbdb503637d21ae318049528a,https://creativecommons.org/licenses/by/4.0/,OK,,2026-09-28T20:58:47+0900
N3-37336,original,10.1038/s41467-020-20506-4,PMC7801604,n3_fulltext\original\PMC7801604.xml,172026,6e97ba95cd05904b91f82bfd4c07e8ffe5583175d1d80e594620d1f4d21e8419,https://creativecommons.org/licenses/by/4.0/,OK,,2026-09-28T20:58:48+0900
N3-37336,notice,10.1038/s41467-022-30354-z,PMC9122975,n3_fulltext\notice\PMC9122975.xml,13798,d52463fdad56fa68e484ff604c013b11979eb675a0ee6ec8adc13b93149aa687,https://creativecommons.org/licenses/by/4.0/,OK,,2026-09-28T20:58:49+0900
N3-34750,original,10.1038/s41598-021-84092-1,PMC7935901,n3_fulltext\original\PMC7935901.xml,166602,e522af6f45456e657c0e59ba8161144c41d7fba135f15c16a27e7dabfeb3c8eb,https://creativecommons.org/licenses/by/4.0/,OK,,2026-09-28T20:58:50+0900
N3-34750,notice,10.1038/s41598-021-03250-7,PMC8671455,n3_fulltext\notice\PMC8671455.xml,12203,1733f855d514a0ab424956cb803fb5c0624ede15f88388cb3dee3bc865a515e1,https://creativecommons.org/licenses/by/4.0/,OK,,2026-09-28T20:58:52+0900
N3-34389,original,10.1038/s41598-021-87523-1,PMC8050058,n3_fulltext\original\PMC8050058.xml,167541,98130447bc0a0be335fe8a4e02315c56d60d8d4d11d61eea9c1651a25ab13f72,https://creativecommons.org/licenses/by/4.0/,OK,,2026-09-28T20:58:53+0900
N3-34389,notice,10.1038/s41598-021-02469-8,PMC8630511,n3_fulltext\notice\PMC8630511.xml,12259,14076730aa5bae60f00e14a3931ef1e6fef5c1703d2978087751da63664ed0ca,https://creativecommons.org/licenses/by/4.0/,OK,,2026-09-28T20:58:55+0900
N3-33597,original,10.3390/v13060989,PMC8226630,n3_fulltext\original\PMC8226630.xml,119522,bb96af7a3108c19090ee8dc2f4084a55097a368cd16a171066d9cd003ae0b9bc,https://creativecommons.org/licenses/by/4.0/,OK,,2026-09-28T20:58:56+0900
N3-33597,notice,10.3390/v13112154,PMC8577689,n3_fulltext\notice\PMC8577689.xml,14931,c853e23e2596e6cff2d3d0927d90e60b03947fc8d4cbab861676c563a8ff4c81,https://creativecommons.org/licenses/by/4.0/,OK,,2026-09-28T20:58:58+0900
N3-36315,original,10.1155/2021/8837319,PMC7841447,n3_fulltext\original\PMC7841447.xml,72597,ea14027770da65aa954feb729a5bde0f6be95494bb2006dae5cf0b8b29227f76,https://creativecommons.org/licenses/by/4.0/,OK,,2026-09-28T20:58:59+0900
N3-36315,notice,10.1155/2022/9848453,PMC8956401,n3_fulltext\notice\PMC8956401.xml,14997,cc0000ab5b20222694e81b45a719679fc97e2990a4e34cb0c17035286f7a8ad2,https://creativecommons.org/licenses/by/4.0/,OK,,2026-09-28T20:59:00+0900
N3-36529,original,10.1192/bjo.2021.1074,PMC8715253,n3_fulltext\original\PMC8715253.xml,40019,4ac99e15b5bb6ecb5a6651f873aa4a596fb87322e7d940fd98b65eb3616efa58,https://creativecommons.org/licenses/by/4.0/,OK,,2026-09-28T20:59:02+0900
N3-36529,notice,10.1192/bjo.2022.40,PMC8935939,n3_fulltext\notice\PMC8935939.xml,9111,e24d59e1ce5388406d2e3b59daa8f5c16dcb7a17a312e8ad395fa84e90cf1537,https://creativecommons.org/licenses/by/4.0/,OK,,2026-09-28T20:59:03+0900
N3-37218,original,10.3390/v13102056,PMC8538446,n3_fulltext\original\PMC8538446.xml,71710,b313f00858babdc1be1515408ef66001602e76cd3d8cc09c3abf77843c128a85,https://creativecommons.org/licenses/by/4.0/,OK,,2026-09-28T20:59:04+0900
N3-37218,notice,10.3390/v14051011,PMC9145574,n3_fulltext\notice\PMC9145574.xml,9672,69eedf4d1fb991f292776731d63d845697ee6dc766a7f53d95323844e41931de,https://creativecommons.org/licenses/by/4.0/,OK,,2026-09-28T20:59:05+0900
N3-36747,original,10.1186/s13287-020-02101-y,PMC7842017,n3_fulltext\original\PMC7842017.xml,83770,55962520c0bc6f20dd6b458582df10d7fc7b8cf0ac757bd7bfac2738bd6fda7c,https://creativecommons.org/licenses/by/4.0/,OK,,2026-09-28T20:59:06+0900
N3-36747,notice,10.1186/s13287-022-02732-3,PMC8812033,n3_fulltext\notice\PMC8812033.xml,9729,0ab9423387d4fdf2718de2daf349ac6afe167ef75ab1a3e60e1e1302777419f6,https://creativecommons.org/licenses/by/4.0/,OK,,2026-09-28T20:59:07+0900
N3-35065,original,10.1038/s41598-021-00061-8,PMC8531408,n3_fulltext\original\PMC8531408.xml,88630,0c9e03a5fc35c0d8e8d90842f29614bd58702004ee90c6e2536abe2b9485c868,https://creativecommons.org/licenses/by/4.0/,OK,,2026-09-28T20:59:08+0900
N3-35065,notice,10.1038/s41598-022-05893-6,PMC8787447,n3_fulltext\notice\PMC8787447.xml,10110,90fde7fc742472b1bf37709570d45803cf44edaf8f4c15b5b95b7cb4bf60e0cf,https://creativecommons.org/licenses/by/4.0/,OK,,2026-09-28T20:59:10+0900
N3-30287,original,10.3390/vaccines9070693,PMC8294615,n3_fulltext\original\PMC8294615.xml,79403,9fca5d977f7fc9bccfea582fb98aa47aba128cf2c189938f396bafd683158da3,https://creativecommons.org/licenses/by/4.0/,OK,,2026-09-28T20:59:11+0900
N3-30287,notice,10.3390/vaccines9070729,PMC8262594,n3_fulltext\notice\PMC8262594.xml,9665,b782faa7c0f51e6d6d7283602cec0b8b5685b8e3c5805e7345ba8a61e4f5c495,https://creativecommons.org/licenses/by/4.0/,OK,,2026-09-28T20:59:12+0900
N3-45531,original,10.1038/s41467-021-23242-5,PMC8138025,n3_fulltext\original\PMC8138025.xml,125341,addb8d93617187a16eebe7793710be6062ced3ecda123acc5d44f0fa97544519,https://creativecommons.org/licenses/by/4.0/,OK,,2026-09-28T20:59:13+0900
N3-45531,notice,10.1038/s41467-023-39170-5,PMC10279723,n3_fulltext\notice\PMC10279723.xml,15126,4502bb3907ad60bccf14180d36976b6160a1d14e4118715212800e627177ee54,https://creativecommons.org/licenses/by/4.0/,OK,,2026-09-28T20:59:15+0900
N3-39106,original,10.1038/s41598-020-74060-6,PMC7575594,n3_fulltext\original\PMC7575594.xml,180462,dce88403914586039f1bbf7791feb3029002a7687c800bb57b87fb9673a9c4aa,https://creativecommons.org/licenses/by/4.0/,OK,,2026-09-28T20:59:16+0900
N3-39106,notice,10.1038/s41598-022-20093-y,PMC9477842,n3_fulltext\notice\PMC9477842.xml,12083,c2348942c9e4c9f9d85191262b85aae8e2d0a236bfee97ac017c7b20b04b4df0,https://creativecommons.org/licenses/by/4.0/,OK,,2026-09-28T20:59:18+0900
N3-40400,original,10.1186/s12889-020-09765-4,PMC7640398,n3_fulltext\original\PMC7640398.xml,85838,cd88c8a866006d6b33f99357f324ae36e8bf57a4b77b6b6a248299d3b7ef715b,https://creativecommons.org/licenses/by/4.0/,OK,,2026-09-28T20:59:19+0900
N3-40400,notice,10.1186/s12889-022-14470-5,PMC9644480,n3_fulltext\notice\PMC9644480.xml,12071,399370fe1313d496f908b60d048ac4d19fdad90bbe7cbc5d4cc76bb9c00d29f9,https://creativecommons.org/licenses/by/4.0/,OK,,2026-09-28T20:59:20+0900
N3-40535,original,10.1042/BSR20193867,PMC7260354,n3_fulltext\original\PMC7260354.xml,80279,a435198c792955069daa73eb147ddd6113cf4bd029188a3e2f480c11b0493c23,https://creativecommons.org/licenses/by/4.0/,OK,,2026-09-28T20:59:21+0900
N3-40535,notice,10.1042/BSR-2019-3867_RET,PMC9653118,n3_fulltext\notice\PMC9653118.xml,6810,b1d7ab4fde5e5f6b1159ceea98bc271d584a98a4cad88abed1893ddca9aba6b5,https://creativecommons.org/licenses/by/4.0/,OK,,2026-09-28T20:59:23+0900
N3-50514,original,10.1111/jcmm.15171,PMC7205799,n3_fulltext\original\PMC7205799.xml,90710,8ea9f3e53022b532f7311873909e6f0077ddf77567b014c7f69ac705cd7e545c,https://creativecommons.org/licenses/by/4.0/,OK,,2026-09-28T20:59:24+0900
N3-50514,notice,10.1111/jcmm.18102,PMC10826430,n3_fulltext\notice\PMC10826430.xml,9314,3f665f1dbd4b3636f2dfa54b26c0b669e41c27943ae5ce6d1b58d3658c58ce0a,https://creativecommons.org/licenses/by/4.0/,OK,,2026-09-28T20:59:25+0900
N3-60025,original,10.1038/s41467-020-17687-3,PMC7447761,n3_fulltext\original\PMC7447761.xml,197676,74abb451d40c8a63e604ffc18201a860916940225537c2ddc7df6c384db90784,https://creativecommons.org/licenses/by/4.0/,OK,,2026-09-28T20:59:26+0900
N3-60025,notice,10.1038/s41467-024-55454-w,PMC11659612,n3_fulltext\notice\PMC11659612.xml,15589,ab0fade094a05250b0066942d0abc1c391b059392a0a28cde820f0d4ec8f0264,https://creativecommons.org/licenses/by/4.0/,OK,,2026-09-28T20:59:28+0900
N3-24526,original,10.1038/s41598-020-60534-0,PMC7046657,n3_fulltext\original\PMC7046657.xml,54198,5581f0c861957c46ab0c87dce36847c3d735856450adaadddc015191c7bf73ad,https://creativecommons.org/licenses/by/4.0/,OK,,2026-09-28T20:59:29+0900
N3-24526,notice,10.1038/s41598-020-75408-8,PMC7596072,n3_fulltext\notice\PMC7596072.xml,9220,464a2075394b9b70348ec29497322a61347f008d86c8ba495654802a7fceb390,https://creativecommons.org/licenses/by/4.0/,OK,,2026-09-28T20:59:30+0900
N3-25419,original,10.1186/s13006-020-00335-3,PMC7641845,n3_fulltext\original\PMC7641845.xml,73516,1e1c4d37f8f704175f709e5372de28661699c62deda3d55b19f32618d08c1b49,https://creativecommons.org/licenses/by/4.0/,OK,,2026-09-28T20:59:31+0900
N3-25419,notice,10.1186/s13006-021-00362-8,PMC7863510,n3_fulltext\notice\PMC7863510.xml,9262,1638320bf4720de2d0d1e35543437491bc9c2e4a15fea0b419e9f714ccc4c2c1,https://creativecommons.org/licenses/by/4.0/,OK,,2026-09-28T20:59:32+0900
N3-24872,original,10.1038/s41467-020-19723-8,PMC7672107,n3_fulltext\original\PMC7672107.xml,99794,47f34b58b3f329c23bd47480f03b1eb2ea746bb680d4d54d7d920cbe5addd41d,https://creativecommons.org/licenses/by/4.0/,OK,,2026-09-28T20:59:33+0900
N3-24872,notice,10.1038/s41467-020-20617-y,PMC7752908,n3_fulltext\notice\PMC7752908.xml,11180,78d9871f2f42a1259a3d67b402ab0020dcd3d2dd96bff29ac758ef63127c76a4,https://creativecommons.org/licenses/by/4.0/,OK,,2026-09-28T20:59:35+0900
N3-24905,original,10.1186/s12935-020-01433-2,PMC7448496,n3_fulltext\original\PMC7448496.xml,81816,7e45620309381be458aa7191351c92c17208941932f20bc35c2acdfb42ea9ddc,https://creativecommons.org/licenses/by/4.0/,OK,,2026-09-28T20:59:36+0900
N3-24905,notice,10.1186/s12935-020-01712-y,PMC7768648,n3_fulltext\notice\PMC7768648.xml,10521,83c658a22e3700e6ffdd434786631eee49dda9b7d48dc0b81528e3829a7471e6,https://creativecommons.org/licenses/by/4.0/,OK,,2026-09-28T20:59:37+0900
N3-24704,original,10.7554/eLife.59795,PMC7593089,n3_fulltext\original\PMC7593089.xml,403345,e41f932c7478458de3304890a568c3d401df8fdd5b62da1c4eec70e627614cf0,http://creativecommons.org/licenses/by/4.0/,OK,,2026-09-28T20:59:38+0900
N3-24704,notice,10.7554/eLife.65123,PMC7707815,n3_fulltext\notice\PMC7707815.xml,10515,cb2980371d0eb8e6a99a3ee87eb285194467401f3e37ff37ee17e5fef1563b0c,http://creativecommons.org/licenses/by/4.0/,OK,,2026-09-28T20:59:40+0900
N3-24916,original,10.1186/s13018-020-01946-6,PMC7493152,n3_fulltext\original\PMC7493152.xml,68388,5e5e7b37144d7808414f6609ae16e9bdc75e421447166d5b20a0aa0d9e05bbac,https://creativecommons.org/licenses/by/4.0/,OK,,2026-09-28T20:59:42+0900
N3-24916,notice,10.1186/s13018-020-02167-7,PMC7772903,n3_fulltext\notice\PMC7772903.xml,10021,0c5ee60adf1e9b7aca851710c9c828630b179db12735acfbcb21ba3d39737c6d,https://creativecommons.org/licenses/by/4.0/,OK,,2026-09-28T20:59:43+0900
N3-24996,original,10.1002/jcla.23350,PMC7439412,n3_fulltext\original\PMC7439412.xml,79652,54f56eb65568361b4a9b5f0541b6a26a26e8ef9adb7528d13668a7d591cf5adf,https://creativecommons.org/licenses/by/4.0/,OK,,2026-09-28T20:59:44+0900
N3-24996,notice,10.1002/jcla.23683,PMC7843255,n3_fulltext\notice\PMC7843255.xml,7574,f8728e3f44c3dc5e7758889fbae446565145ff63eac6a29646191f232561dc0e,https://creativecommons.org/licenses/by/4.0/,OK,,2026-09-28T20:59:45+0900
N3-30243,original,10.1038/s41598-020-62909-9,PMC7138829,n3_fulltext\original\PMC7138829.xml,107637,dbbf179468caa07b409c300ed1256c725e22b1ef648227b24bfddb734d7e4d01,https://creativecommons.org/licenses/by/4.0/,OK,,2026-09-28T20:59:48+0900
N3-30243,notice,10.1038/s41598-021-93139-2,PMC8238994,n3_fulltext\notice\PMC8238994.xml,7557,811eb76bfba3636ea36a386c1d3d2102261a891d5080c45c729eed15b369d491,https://creativecommons.org/licenses/by/4.0/,OK,,2026-09-28T20:59:49+0900
N3-30524,original,10.1007/s13762-020-02991-8,PMC7674579,n3_fulltext\original\PMC7674579.xml,8175,ea236043c4465eb2f838f83e90b26710593cbc5abc4083d9159db0604d1ce4e3,https://creativecommons.org/licenses/by/4.0/,OK,,2026-09-28T20:59:50+0900
N3-30524,notice,10.1007/s13762-020-02991-8,PMC7674579,n3_fulltext\notice\PMC7674579.xml,8175,ea236043c4465eb2f838f83e90b26710593cbc5abc4083d9159db0604d1ce4e3,https://creativecommons.org/licenses/by/4.0/,OK,,2026-09-28T20:59:51+0900
N3-32260,original,10.1186/s40659-020-00306-2,PMC7532112,n3_fulltext\original\PMC7532112.xml,77966,434372f88b1bb077d37184a1bfab64807bb96d34f2b73bb0658625e3d3ea2fd2,https://creativecommons.org/licenses/by/4.0/,OK,,2026-09-28T20:59:52+0900
N3-32260,notice,10.1186/s40659-021-00352-4,PMC8475126,n3_fulltext\notice\PMC8475126.xml,9352,07181ca3be7707bb2c78ab2fb967ec951667ee541c5edfcde0b90ad0e975f49c,https://creativecommons.org/licenses/by/4.0/,OK,,2026-09-28T20:59:54+0900
N3-31128,original,10.3390/ijerph17228674,PMC7709050,n3_fulltext\original\PMC7709050.xml,185203,0b1b69761870e001fd0ec52c8dd7881a249ca826557837898a6f259e1a3b804c,https://creativecommons.org/licenses/by/4.0/,OK,,2026-09-28T20:59:55+0900
N3-31128,notice,10.3390/ijerph18157754,PMC8345674,n3_fulltext\notice\PMC8345674.xml,8314,03f6ad9b97fb5e279ecf01982feed857ae345ccd8cfb6aa30bfe3dacc811da88,https://creativecommons.org/licenses/by/4.0/,OK,,2026-09-28T20:59:56+0900
N3-21096,original,10.1186/s40478-019-0709-3,PMC6482546,n3_fulltext\original\PMC6482546.xml,187790,af24e40502527549ae31ac2b11980fd735b7c307acabbaeb3650934ccd600d01,https://creativecommons.org/licenses/by/4.0/,OK,,2026-09-28T20:59:57+0900
N3-21096,notice,10.1186/s40478-019-0790-7,PMC6704544,n3_fulltext\notice\PMC6704544.xml,15354,6050b8a5f40c8ce0904df2e73b16b8990315d64a87782e095ad9806c18066a75,https://creativecommons.org/licenses/by/4.0/,OK,,2026-09-28T20:59:59+0900
N3-43316,original,10.1371/journal.pbio.3000168,PMC6786654,n3_fulltext\original\PMC6786654.xml,213179,851b4b9fef16c66b6e8b3639eb93a6fb40960be00f9c1232449edce13bdf8049,http://creativecommons.org/licenses/by/4.0/,OK,,2026-09-28T21:00:00+0900
N3-43316,notice,10.1371/journal.pbio.3002060,PMC10030144,n3_fulltext\notice\PMC10030144.xml,9510,da01a9356f6d12083566379e23ff20f51d38c7d306ade624e385d5a8dcbc1efb,https://creativecommons.org/licenses/by/4.0/,OK,,2026-09-28T21:00:03+0900
N3-37520,original,10.1016/j.freeradbiomed.2019.11.012,PMC7274136,n3_fulltext\original\PMC7274136.xml,116513,348880d5b2af2bdc0d26ac81e3540c57c4fd6941b4de0ae24f90aa13849aacff,,OK,,2026-09-28T21:00:05+0900
N3-37520,notice,10.1016/j.freeradbiomed.2022.05.021,PMC9302445,n3_fulltext\notice\PMC9302445.xml,8942,3a8f6739786cdbab5374c4b382d60c0dd7528c259a3a7efd0747dad7981b5df3,,OK,,2026-09-28T21:00:07+0900
N3-41380,original,10.1371/journal.pgen.1007888,PMC6374053,n3_fulltext\original\PMC6374053.xml,169790,4c12381109e3d8a9ec231b2d0a2132cb64c85108de0a9664d97c5a665a9bd92f,http://creativecommons.org/licenses/by/4.0/,OK,,2026-09-28T21:00:08+0900
N3-41380,notice,10.1371/journal.pgen.1010552,PMC9757565,n3_fulltext\notice\PMC9757565.xml,13746,963a324b24a3b0fdc0765fe95cf2f6319309f29dc45a1a1875a4dcc33c9c9f01,https://creativecommons.org/licenses/by/4.0/,OK,,2026-09-28T21:00:10+0900
N3-62946,original,10.1186/s41043-019-0203-3,PMC6891959,n3_fulltext\original\PMC6891959.xml,91495,cb1c4fc05c45267315033491af5c87ce66c79bcd7402c052366f9cf726dc75a8,https://creativecommons.org/licenses/by/4.0/,OK,,2026-09-28T21:00:11+0900
N3-62946,notice,10.1186/s41043-024-00705-1,PMC11616270,n3_fulltext\notice\PMC11616270.xml,11254,8eca02e997e1ac17169ed2909a80dc18903e2e3d72a183659e3413ccc83a89c7,https://creativecommons.org/licenses/by-nc-nd/4.0/,OK,,2026-09-28T21:00:12+0900
N3-72909,original,10.1371/journal.pone.0223360,PMC6788711,n3_fulltext\original\PMC6788711.xml,226454,2a70d592faed581898934fe66198f59f65f907d23177c455fc5c67a4377ab1cd,https://creativecommons.org/licenses/by/4.0/,OK,,2026-09-28T21:00:14+0900
N3-72909,notice,10.1371/journal.pone.0352001,PMC13318032,n3_fulltext\notice\PMC13318032.xml,10098,9fd10b67f332d935597c1796750a9494879bc692aaad6d94e56d69b77e5b80d9,https://creativecommons.org/licenses/by/4.0/,OK,,2026-09-28T21:00:15+0900
N3-24523,original,10.1097/MD.0000000000014108,PMC6370155,n3_fulltext\original\PMC6370155.xml,73934,e7ce800e28bbb6b8c03aa22e66d7e118df2cd826a93b610b4926e4f4902a1b7c,http://creativecommons.org/licenses/by/4.0,OK,,2026-09-28T21:00:16+0900
N3-24523,notice,10.1097/MD.0000000000023097,PMC7598836,n3_fulltext\notice\PMC7598836.xml,7895,eb5e5be8e47100b50934480765f95b63668379e5fea154839f307c122dd3cd1e,http://creativecommons.org/licenses/by/4.0,OK,,2026-09-28T21:00:18+0900
N3-23588,original,10.1186/s40748-019-0111-y,PMC6796424,n3_fulltext\original\PMC6796424.xml,76840,f6a52246e8acb7cdae75d701e0261dc90e23600bca4516ea05c26ef0a1b8e1d9,https://creativecommons.org/licenses/by/4.0/,OK,,2026-09-28T21:00:19+0900
N3-23588,notice,10.1186/s40748-020-00118-y,PMC7296687,n3_fulltext\notice\PMC7296687.xml,11295,87fd3939501812f06a1438431aed559f46a70a8ba2f5a4cbe1c5167e0488e3ea,https://creativecommons.org/licenses/by/4.0/,OK,,2026-09-28T21:00:21+0900
N3-25643,original,10.1155/2019/4164790,PMC6437750,n3_fulltext\original\PMC6437750.xml,85917,fe58743752a9b9f6ffc64f66fbd7e8f1a44243246829658a2706e8ace2a70c9e,https://creativecommons.org/licenses/by/4.0/,OK,,2026-09-28T21:00:22+0900
N3-25643,notice,10.1155/2021/7345780,PMC7867460,n3_fulltext\notice\PMC7867460.xml,9114,90f075a757e725aacb9dc2683fde26420a5c2aff2d925f62217babe5dad930f1,https://creativecommons.org/licenses/by/4.0/,OK,,2026-09-28T21:00:23+0900
N3-24795,original,10.1155/2019/3081621,PMC6681614,n3_fulltext\original\PMC6681614.xml,71854,21de87bae0ebe11a7d09eebde233143270b6322e37db42e959fb68aa4c1f7662,https://creativecommons.org/licenses/by/4.0/,OK,,2026-09-28T21:00:24+0900
N3-24795,notice,10.1155/2020/8364502,PMC7719540,n3_fulltext\notice\PMC7719540.xml,7579,9367e207c3c12513db622b0f13e8d091cf3a7a3a3244e0635706b7b0ab4c2df8,https://creativecommons.org/licenses/by/4.0/,OK,,2026-09-28T21:00:26+0900
N3-23160,original,10.1002/clc.23246,PMC6788469,n3_fulltext\original\PMC6788469.xml,79771,993dc77a0157ad3b90db9c1ad83f9fda587d98ba90922e4652c097356eea363a,https://creativecommons.org/licenses/by/4.0/,OK,,2026-09-28T21:00:27+0900
N3-23160,notice,10.1002/clc.23357,PMC7144489,n3_fulltext\notice\PMC7144489.xml,7432,1538ba452f4e17f52c48edd09dc9a2365391d784fd2e2b1913091748e397dfea,https://creativecommons.org/licenses/by/4.0/,OK,,2026-09-28T21:00:29+0900
N3-23227,original,10.3390/nu11030515,PMC6471143,n3_fulltext\original\PMC6471143.xml,120366,168ade20eb141a5b3ba9939e8151800e06d5569f850ad61f0f1ab0a2f747922e,https://creativecommons.org/licenses/by/4.0/,OK,,2026-09-28T21:00:30+0900
N3-23227,notice,10.3390/nu12041178,PMC7230260,n3_fulltext\notice\PMC7230260.xml,8593,c1283169bd0d4c5ff335d8d1fc407f4650c47c81101fb025f7234ed98a48ec72,https://creativecommons.org/licenses/by/4.0/,OK,,2026-09-28T21:00:31+0900
N3-22605,original,10.3390/sports7040095,PMC6524463,n3_fulltext\original\PMC6524463.xml,70371,139099b515d6147d020ab6d33d681ffbfa40b9bd2a1fe14a4caeb12122cd1152,https://creativecommons.org/licenses/by/4.0/,OK,,2026-09-28T21:00:32+0900
N3-22605,notice,10.3390/sports8020024,PMC7076751,n3_fulltext\notice\PMC7076751.xml,9772,b8d2290be60837af49a65cdbcc21aa3b97938e5cbefed160bb56ee42e525d6d4,https://creativecommons.org/licenses/by/4.0/,OK,,2026-09-28T21:00:34+0900
N3-22428,original,10.1371/journal.pone.0210555,PMC6334957,n3_fulltext\original\PMC6334957.xml,113114,1d92fcaf224181108098fb29e58b676261f5f770728013feb07a721a168dda22,http://creativecommons.org/licenses/by/4.0/,OK,,2026-09-28T21:00:35+0900
N3-22428,notice,10.1371/journal.pone.0229473,PMC7018072,n3_fulltext\notice\PMC7018072.xml,9110,023f91e13bee2d758795397eb7d90a8ca1203a5974823fb50656e864d93e7a2d,http://creativecommons.org/licenses/by/4.0/,OK,,2026-09-28T21:00:37+0900
N3-33113,original,10.1371/journal.pone.0211066,PMC6347370,n3_fulltext\original\PMC6347370.xml,137747,3959bd26d7c44bab05d58c43481ac488944932dce11825f4964d5c09f946f003,http://creativecommons.org/licenses/by/4.0/,OK,,2026-09-28T21:00:37+0900
N3-33113,notice,10.1371/journal.pone.0258912,PMC8516238,n3_fulltext\notice\PMC8516238.xml,9686,abf4386783f61a8ab78f78f88cac7d3abf849ee586fc01642a482b911fb14422,https://creativecommons.org/licenses/by/4.0/,OK,,2026-09-28T21:00:39+0900
N3-34070,original,10.1155/2019/4674190,PMC6662451,n3_fulltext\original\PMC6662451.xml,124033,a6905340d5ef557127d9c72f999ed8f079fc4e32374266c880405a9488175c3c,https://creativecommons.org/licenses/by/4.0/,OK,,2026-09-28T21:00:40+0900
N3-34070,notice,10.1155/2021/9816302,PMC8580664,n3_fulltext\notice\PMC8580664.xml,9350,3c92447d4bcec5e4ce01c62102075dad9fb370fddb48142039a838d48ac15792,https://creativecommons.org/licenses/by/4.0/,OK,,2026-09-28T21:00:41+0900
N3-35456,original,10.1038/s41598-019-50195-z,PMC6761130,n3_fulltext\original\PMC6761130.xml,87754,0922165ec8247d401f7e161ca2a42e41d9fe633d40ea7c284e4b8c8036f76910,https://creativecommons.org/licenses/by/4.0/,OK,,2026-09-28T21:00:43+0900
N3-35456,notice,10.1038/s41598-022-06491-2,PMC8821587,n3_fulltext\notice\PMC8821587.xml,8570,291681070bd6d17f5c291cab168f073f49f804e837a7cde758ef24701449362b,https://creativecommons.org/licenses/by/4.0/,OK,,2026-09-28T21:00:44+0900
N3-19641,original,10.1186/s12863-018-0620-0,PMC5948690,n3_fulltext\original\PMC5948690.xml,143399,7bc647cb8b0de07a73a42c00f53d0f10682e049e9b377a569c20730849eaa373,https://creativecommons.org/licenses/by/4.0/,OK,,2026-09-28T21:00:45+0900
N3-19641,notice,10.1186/s12863-018-0698-4,PMC6288910,n3_fulltext\notice\PMC6288910.xml,8964,34759583cb825febbd869c7eab376247ca798626710c97e9fa1079c07751d22f,https://creativecommons.org/licenses/by/4.0/,OK,,2026-09-28T21:00:47+0900
N3-19946,original,10.1155/2018/1036214,PMC6029457,n3_fulltext\original\PMC6029457.xml,75184,d894e87c1253ee41e68f322743fc080d96739d1da47d4f0aea40482d8e9116b7,https://creativecommons.org/licenses/by/4.0/,OK,,2026-09-28T21:00:48+0900
N3-19946,notice,10.1155/2019/5958948,PMC6343156,n3_fulltext\notice\PMC6343156.xml,8035,693333bdc6a5b753d33be46eaa105a067f1ceb871868b505661d2e51e448ff21,https://creativecommons.org/licenses/by/4.0/,OK,,2026-09-28T21:00:49+0900
N3-19879,original,10.1128/AAC.02356-17,PMC6105825,n3_fulltext\original\PMC6105825.xml,94540,405ecd3272d977fa4c36e3b4be0052b8e4c55b4b484c57e2d03c83daf3a6d118,https://creativecommons.org/licenses/by/4.0/,OK,,2026-09-28T21:00:50+0900
N3-19879,notice,10.1128/AAC.02581-18,PMC6355579,n3_fulltext\notice\PMC6355579.xml,7248,966108eff976d3838ea827ec9bfdc1ed509fc00b146ab354c8b3bad2e0f459cc,https://doi.org/10.1128/ASMCopyrightv2,PARTIAL,출판사가 XML 배포를 허용하지 않음,2026-09-28T21:00:51+0900
N3-19519,original,10.1186/s12918-018-0550-5,PMC5872520,n3_fulltext\original\PMC5872520.xml,125335,d6c190c607f58e8c46e193a9392087c8c2fd4190d7774c94f71419cf13f9d5e0,https://creativecommons.org/licenses/by/4.0/,OK,,2026-09-28T21:00:52+0900
N3-19519,notice,10.1186/s12918-018-0641-3,PMC6245768,n3_fulltext\notice\PMC6245768.xml,8838,838388de331278f514fcdd50da3243d806d926cfc88522c8505e4fc0a86710b8,https://creativecommons.org/licenses/by/4.0/,OK,,2026-09-28T21:00:54+0900
N3-20598,original,10.1186/s13287-018-0952-8,PMC6107966,n3_fulltext\original\PMC6107966.xml,89730,c3b6fbd6f7f047adb62aa68fec07359bc2d0ba33d7d55c2c03c79dee967120b0,https://creativecommons.org/licenses/by/4.0/,OK,,2026-09-28T21:00:55+0900
N3-20598,notice,10.1186/s13287-019-1264-3,PMC6560818,n3_fulltext\notice\PMC6560818.xml,12453,647447e163154124f9eb6f4cc2c822f5e72dd55aac7a54c912202fec55adaa36,https://creativecommons.org/licenses/by/4.0/,OK,,2026-09-28T21:00:57+0900
N3-20575,original,10.1074/mcp.RA118.000792,PMC6210219,n3_fulltext\original\PMC6210219.xml,19843,571a29000979625684730d1042c479dd22a9420f0f2c4b69b117bd138fc1cbdb,,PARTIAL,출판사가 XML 배포를 허용하지 않음,2026-09-28T21:00:58+0900
N3-20575,notice,10.1074/mcp.W119.001571,PMC6553924,n3_fulltext\notice\PMC6553924.xml,10751,0dbb5b7d74d7658802bf1221790b904d191029db3cc669d24336383fa44f6b10,,PARTIAL,출판사가 XML 배포를 허용하지 않음,2026-09-28T21:00:59+0900
N3-20441,original,10.1186/s12978-018-0479-6,PMC5833051,n3_fulltext\original\PMC5833051.xml,80973,8b7c2e8a21e6d422b7dccecc40f07d7f42795cdbe6ec1d2476ca6a738e2b9b14,https://creativecommons.org/licenses/by/4.0/,OK,,2026-09-28T21:01:00+0900
N3-20441,notice,10.1186/s12978-019-0728-3,PMC6515608,n3_fulltext\notice\PMC6515608.xml,12699,73919839023ffa6c6719618710ab2c987fc5b8972d69061f39ec345cb0eaf561,https://creativecommons.org/licenses/by/4.0/,OK,,2026-09-28T21:01:01+0900
N3-18488,original,10.1186/s13000-018-0685-0,PMC5800018,n3_fulltext\original\PMC5800018.xml,98920,d4c6c0b6c9dfb6f4806a8ddb18cca739a9889cbe39651b133f7e70d91cdff50a,https://creativecommons.org/licenses/by/4.0/,OK,,2026-09-28T21:01:02+0900
N3-18488,notice,10.1186/s13000-018-0718-8,PMC6019207,n3_fulltext\notice\PMC6019207.xml,10704,f9302eb5eaabcc41ff2735767b8e05df12fbc91bdb2d74187302f35daf71758c,https://creativecommons.org/licenses/by/4.0/,OK,,2026-09-28T21:01:04+0900
N3-18830,original,10.1371/journal.pone.0196128,PMC5918910,n3_fulltext\original\PMC5918910.xml,108692,069f101ebd7fa71563cea0f284e5c1e740fc53512836ced3559fddb1c4517ed9,http://creativecommons.org/licenses/by/4.0/,OK,,2026-09-28T21:01:05+0900
N3-18830,notice,10.1371/journal.pone.0201274,PMC6053232,n3_fulltext\notice\PMC6053232.xml,13737,4a9bad778c5e2ec2c3f136ea63eff0969dec23c10068c1b9082d4ffea6e4d465,http://creativecommons.org/licenses/by/4.0/,OK,,2026-09-28T21:01:06+0900
N3-43967,original,10.1155/2018/1837634,PMC6057395,n3_fulltext\original\PMC6057395.xml,95832,52170699f52a147a3cccf246559266ae527f3d914a1ee8e4351b509d441c36e6,https://creativecommons.org/licenses/by/4.0/,OK,,2026-09-28T21:01:08+0900
N3-43967,notice,10.1155/2023/9848057,PMC10110384,n3_fulltext\notice\PMC10110384.xml,8880,697eeaefe823bed157a061d809cf6f1b1f6d1593eddca414bd8e59276cbb5eeb,https://creativecommons.org/licenses/by/4.0/,OK,,2026-09-28T21:01:09+0900
N3-25559,original,10.1371/journal.pone.0204076,PMC6136826,n3_fulltext\original\PMC6136826.xml,207768,9d610b43db8d48e459f1d7fb212d7d653735a1fbbb8b086ad087392c0f3b4025,http://creativecommons.org/licenses/by/4.0/,OK,,2026-09-28T21:01:10+0900
N3-25559,notice,10.1371/journal.pone.0247083,PMC7872265,n3_fulltext\notice\PMC7872265.xml,10276,0578e2e14d877550410befe391a4a2134c10a36a1955251553071a76eef29a7d,http://creativecommons.org/licenses/by/4.0/,OK,,2026-09-28T21:01:12+0900
N3-21687,original,10.3389/fnins.2018.00529,PMC6090298,n3_fulltext\original\PMC6090298.xml,76963,eb7ce56b4b0fee9f304b331aa9738c1bd52df26540301dd0ab55788803187f37,http://creativecommons.org/licenses/by/4.0/,OK,,2026-09-28T21:01:13+0900
N3-21687,notice,10.3389/fnins.2019.01265,PMC6880725,n3_fulltext\notice\PMC6880725.xml,7513,71aab729b52102154c1dba726fc913248e1a5e99c26b14b31c8de02442860323,http://creativecommons.org/licenses/by/4.0/,OK,,2026-09-28T21:01:15+0900
N3-22146,original,10.1186/s12938-018-0571-8,PMC6219029,n3_fulltext\original\PMC6219029.xml,71066,4cb2fc21225244ca27c9d61a90644aa51f2a9ef9fe8069f2093348064b0d8bae,https://creativecommons.org/licenses/by/4.0/,OK,,2026-09-28T21:01:16+0900
N3-22146,notice,10.1186/s12938-020-0749-8,PMC6979344,n3_fulltext\notice\PMC6979344.xml,10770,3251978799cac871c07d88b5b93832bc22c6661e42e54cd060013263418cd981,https://creativecommons.org/licenses/by/4.0/,OK,,2026-09-28T21:01:18+0900
N3-22857,original,10.1042/BSR20171184,PMC5773821,n3_fulltext\original\PMC5773821.xml,84771,0b10be6a9e7a4b3aa3f2cb19682591c155fd43c2b806c600d5938a3762f53685,https://creativecommons.org/licenses/by/4.0/,OK,,2026-09-28T21:01:19+0900
N3-22857,notice,10.1042/BSR-20171184_RET,PMC7078590,n3_fulltext\notice\PMC7078590.xml,7178,2047f01c3fafb0c51ecb1d5f3871400fee860570e7b01f401361cfcbe01dbdd5,https://creativecommons.org/licenses/by/4.0/,OK,,2026-09-28T21:01:20+0900
N3-36330,original,10.1038/s41598-018-23637-3,PMC5871756,n3_fulltext\original\PMC5871756.xml,133446,bd99881043326ed4761f59f462b8faea4461b2c3ff5860c1a3f232b98fcf3942,https://creativecommons.org/licenses/by/4.0/,OK,,2026-09-28T21:01:21+0900
N3-36330,notice,10.1038/s41598-022-09409-0,PMC8964756,n3_fulltext\notice\PMC8964756.xml,10718,a9a112629cfa027fc3d9f493cc6ce7fcee821f4c0066ab0d958fc3a117a31c31,https://creativecommons.org/licenses/by/4.0/,OK,,2026-09-28T21:01:23+0900
N3-11736,original,10.1186/s13033-017-0143-5,PMC5426067,n3_fulltext\original\PMC5426067.xml,90819,7e248a4b20088ca6d5a9b5a85b8d28d6ac8e032c87ea397467e4662f25ee40ea,https://creativecommons.org/licenses/by/4.0/,OK,,2026-09-28T21:01:24+0900
N3-11736,notice,10.1186/s13033-017-0162-2,PMC5603065,n3_fulltext\notice\PMC5603065.xml,10468,70b252a4ad9aff35e785db24313436f9ae7c8cf6b6b7ec69b910f20e079093ed,https://creativecommons.org/licenses/by/4.0/,OK,,2026-09-28T21:01:25+0900
N3-7172,original,10.1186/s13071-016-1956-9,PMC5219674,n3_fulltext\original\PMC5219674.xml,101610,5dc25b6a055223db159943a9f26a5a7838ba10b5e45874c188f28e5ac7b413c7,https://creativecommons.org/licenses/by/4.0/,OK,,2026-09-28T21:01:26+0900
N3-7172,notice,10.1186/s13071-017-2287-1,PMC5522592,n3_fulltext\notice\PMC5522592.xml,12665,5fe82ee18513274c4c6befe5e65ae2ef059a906c1d12b649865e8ac4659d9db3,https://creativecommons.org/licenses/by/4.0/,OK,,2026-09-28T21:01:28+0900
N3-19977,original,10.1093/ije/dyx263,PMC6005035,n3_fulltext\original\PMC6005035.xml,11270,6e512cc5dc1989d1e2fc9c5cd61041c51ac76289d67793efe72f93f9789818d4,http://creativecommons.org/licenses/by/4.0/,OK,,2026-09-28T21:01:29+0900
N3-19977,notice,10.1093/ije/dyy248,PMC6280934,n3_fulltext\notice\PMC6280934.xml,9136,8a3a4652068551165217ab6232cefa6adcd4715dd2bf57f08c0ff404345efa5b,http://creativecommons.org/licenses/by/4.0/,OK,,2026-09-28T21:01:30+0900
N3-19029,original,10.1186/s12916-017-0919-0,PMC5563917,n3_fulltext\original\PMC5563917.xml,120235,64b0307c114e81f0bd85eb2bfa90472032c88ee3067f2a818898d30fe928ddb4,https://creativecommons.org/licenses/by/4.0/,OK,,2026-09-28T21:01:31+0900
N3-19029,notice,10.1186/s12916-018-1137-0,PMC6087537,n3_fulltext\notice\PMC6087537.xml,12729,cdf76c03b4e4ac531d625068ffd488b1bd91a4cbd4d31e64caf0baadc0ff09d0,https://creativecommons.org/licenses/by/4.0/,OK,,2026-09-28T21:01:33+0900
N3-19151,original,10.1038/s41598-017-10966-y,PMC5585415,n3_fulltext\original\PMC5585415.xml,86862,1f9e858ccea741259d63f31a07789e4d7b9383a21a7a54640ca013d69e2101ac,https://creativecommons.org/licenses/by/4.0/,OK,,2026-09-28T21:01:34+0900
N3-19151,notice,10.1038/s41598-018-31224-9,PMC6123454,n3_fulltext\notice\PMC6123454.xml,9620,105ae0f41a522bc5275c22dfc5061712892eea00c41cd7f54ec7ca5acb010035,https://creativecommons.org/licenses/by/4.0/,OK,,2026-09-28T21:01:35+0900
N3-20897,original,10.1186/s11671-017-2314-3,PMC5615084,n3_fulltext\original\PMC5615084.xml,65783,e2ec6630793074b626614c42713649ae3b01aaa2a57c730bbe5b6e77b8bafa0e,https://creativecommons.org/licenses/by/4.0/,OK,,2026-09-28T21:01:37+0900
N3-20897,notice,10.1186/s11671-019-3086-8,PMC6639517,n3_fulltext\notice\PMC6639517.xml,7448,20c961fef5c574f84119349ec27e7439fdb295d20d5eb60c1e37d58bb9281110,https://creativecommons.org/licenses/by/4.0/,OK,,2026-09-28T21:01:38+0900
N3-20126,original,10.1186/s12933-017-0629-0,PMC5679486,n3_fulltext\original\PMC5679486.xml,116073,c2fb1db28b806ae57805a7b57dbf2f301ee950c0f942b537682974dc7eacf337,https://creativecommons.org/licenses/by/4.0/,OK,,2026-09-28T21:01:39+0900
N3-20126,notice,10.1186/s12933-019-0841-1,PMC6420735,n3_fulltext\notice\PMC6420735.xml,11271,311269b96ee11d0313fbcdccc95154b8e03ade26312b966a922275b1cda9945d,https://creativecommons.org/licenses/by/4.0/,OK,,2026-09-28T21:01:41+0900
N3-18293,original,10.1016/S2213-8587(17)30366-2,PMC5805864,n3_fulltext\original\PMC5805864.xml,121509,ffe2b65ee8b9240d88bbafd6ccb5316cc2143561695214afda36a1ff12c3f475,https://creativecommons.org/licenses/by/4.0/,OK,,2026-09-28T21:01:42+0900
N3-18293,notice,10.1016/S2213-8587(18)30146-3,PMC6900581,n3_fulltext\notice\PMC6900581.xml,11009,5be2d9fb7f3eefa735fd046782bb4de4f659ddacd6a2f605c6b98a6b4ed168d3,http://creativecommons.org/licenses/by/4.0/,OK,,2026-09-28T21:01:43+0900
N3-18204,original,10.1371/journal.pone.0184276,PMC5603157,n3_fulltext\original\PMC5603157.xml,277840,dd7bab78e8d88669310933ad63ec2399354f154c8743332b7522f56b87529e08,http://creativecommons.org/licenses/by/4.0/,OK,,2026-09-28T21:01:44+0900
N3-18204,notice,10.1371/journal.pone.0197602,PMC5951559,n3_fulltext\notice\PMC5951559.xml,12659,1c9cc6791d45c24cb00780ceb775f885d16a7a33672df213705bf394e88bc8a9,http://creativecommons.org/licenses/by/4.0/,OK,,2026-09-28T21:01:46+0900
N3-23111,original,10.1590/1678-4685-gmb-2016-0121,PMC5488467,n3_fulltext\original\PMC5488467.xml,68796,70a7815d4a31956e0e611bfb54fd7717e0e78709f021574ed1774725e2976ad7,http://creativecommons.org/licenses/by/4.0/,OK,,2026-09-28T21:01:47+0900
N3-23111,notice,10.1590/1678-4685-gmb-2016-0121ret,PMC7217651,n3_fulltext\notice\PMC7217651.xml,6492,988d76fd223f302f04c0d4fa4cf51e822b4d38d2dae29db2bcb087299f8371b5,https://creativecommons.org/licenses/by/4.0/,OK,,2026-09-28T21:01:49+0900
N3-31862,original,10.1155/2017/2381482,PMC5288510,n3_fulltext\original\PMC5288510.xml,71724,e222bb64154fd8f1d2d482d85bfb0cf8c2d9f7cabcff62eef42162891b67b741,https://creativecommons.org/licenses/by/4.0/,OK,,2026-09-28T21:01:50+0900
N3-31862,notice,10.1155/2021/3702061,PMC8019383,n3_fulltext\notice\PMC8019383.xml,8983,2504f2ac2eafcc0acb7d20173452a70a04ef978bdb86c01c0c1923bae0dd2a0b,https://creativecommons.org/licenses/by/4.0/,OK,,2026-09-28T21:01:51+0900
N3-11997,original,10.1155/2016/3150498,PMC5168553,n3_fulltext\original\PMC5168553.xml,84402,ba71f12308f771d5de0ab0a96bbf1406f66c25227c0e90eaf3d2f661f3924cef,https://creativecommons.org/licenses/by/4.0/,OK,,2026-09-28T21:01:52+0900
N3-11997,notice,10.1155/2017/6195351,PMC5529651,n3_fulltext\notice\PMC5529651.xml,7651,3fe3774f421fe191595989f99e66b6726a92d2097ba56a1a706acb7cac88a011,https://creativecommons.org/licenses/by/4.0/,OK,,2026-09-28T21:01:54+0900
N3-7923,original,10.1155/2016/8931732,PMC4880684,n3_fulltext\original\PMC4880684.xml,110531,fc87961791f202aafccc16571a8faad639f4e735fb2ba298be63126cd3bc0f93,https://creativecommons.org/licenses/by/4.0/,OK,,2026-09-28T21:01:55+0900
N3-7923,notice,10.1155/2017/8014852,PMC5478884,n3_fulltext\notice\PMC5478884.xml,13797,a970ac09864c7a965190892ad889d751ddcf1b3f066f77e0a1fb4c99cabb29e0,https://creativecommons.org/licenses/by/4.0/,OK,,2026-09-28T21:01:56+0900
N3-8116,original,10.1371/journal.pone.0164571,PMC5081205,n3_fulltext\original\PMC5081205.xml,101057,10cf34d7e62d3c4196dadcbd2d232e56ff779da19b274fca8cf050cd7ef00d15,http://creativecommons.org/licenses/by/4.0/,OK,,2026-09-28T21:01:57+0900
N3-8116,notice,10.1371/journal.pone.0178903,PMC5446190,n3_fulltext\notice\PMC5446190.xml,9521,038460ea5c816682725f2ddf31b77e11de2b09dbd73273d703a91fe1fd656dfd,http://creativecommons.org/licenses/by/4.0/,OK,,2026-09-28T21:01:59+0900
N3-19100,original,10.3389/fmicb.2016.01473,PMC5029309,n3_fulltext\original\PMC5029309.xml,158952,76414a85f01de8721ad4aab9c8154fc7bb9ef98c4ced3eb6c114df6170509a93,http://creativecommons.org/licenses/by/4.0/,OK,,2026-09-28T21:02:00+0900
N3-19100,notice,10.3389/fmicb.2018.02168,PMC6126422,n3_fulltext\notice\PMC6126422.xml,7367,fa27ad1611f54d5caa2281d26b8c29fe107d4f88e4ac83d5a4640f91a1b4c302,http://creativecommons.org/licenses/by/4.0/,OK,,2026-09-28T21:02:01+0900
N3-21022,original,10.1155/2016/9282087,PMC4802016,n3_fulltext\original\PMC4802016.xml,94556,0dbfae80b76bd54660adee0d00fd820c51339bfe3ebb6cbc491f00b681e32088,https://creativecommons.org/licenses/by/4.0/,OK,,2026-09-28T21:02:02+0900
N3-21022,notice,10.1155/2019/9760941,PMC6662502,n3_fulltext\notice\PMC6662502.xml,9948,27317d6cb2a4d8063c3df5d415994506b85d3a845c2f82d07d39bfc9b318d044,https://creativecommons.org/licenses/by/4.0/,OK,,2026-09-28T21:02:04+0900
N3-16890,original,10.1371/journal.pone.0146809,PMC4729530,n3_fulltext\original\PMC4729530.xml,167374,d3faf935d92c62a6dc85d04490ea0cbb6bab6736a5e0ce4d4ee6b6ed7a2d82eb,http://creativecommons.org/licenses/by/4.0/,OK,,2026-09-28T21:02:05+0900
N3-16890,notice,10.1371/journal.pone.0191678,PMC5773226,n3_fulltext\notice\PMC5773226.xml,14004,7d26e4498ff00db137d2482810a31455004d40ccf16155baea60bee38dd5969e,http://creativecommons.org/licenses/by/4.0/,OK,,2026-09-28T21:02:06+0900
N3-17989,original,10.7554/eLife.12248,PMC4755759,n3_fulltext\original\PMC4755759.xml,251905,fb17a125c2ffcda0610ec09417173c6aa3a7e313762b3abbed1508f354af7f67,http://creativecommons.org/licenses/by/4.0/,OK,,2026-09-28T21:02:08+0900
N3-17989,notice,10.7554/eLife.37048,PMC5898414,n3_fulltext\notice\PMC5898414.xml,8452,b4ba5e9aade4892b33849ef8ac3f16333a214efa7ca2143274665dcd46f72d6b,http://creativecommons.org/licenses/by/4.0/,OK,,2026-09-28T21:02:10+0900
N3-5682,original,10.1038/srep19222,PMC4709775,n3_fulltext\original\PMC4709775.xml,141028,4cd4e93037f19a95e64fdfd95790534aea25820a7f51818b6d5c771a3788df38,http://creativecommons.org/licenses/by/4.0/,OK,,2026-09-28T21:02:11+0900
N3-5682,notice,10.1038/srep25115,PMC4866305,n3_fulltext\notice\PMC4866305.xml,9934,c1076687d984052437417bed7257890a132ac66cf59b4b822514259b50054d65,http://creativecommons.org/licenses/by/4.0/,OK,,2026-09-28T21:02:13+0900
N3-26611,original,10.1111/jcmm.12963,PMC5264133,n3_fulltext\original\PMC5264133.xml,84394,e500c8788afefd47cd49fd2e859fcf8699efc6b37ea5ec483bdec35594fe7bc7,https://creativecommons.org/licenses/by/4.0/,OK,,2026-09-28T21:02:14+0900
N3-26611,notice,10.1111/jcmm.16259,PMC7957212,n3_fulltext\notice\PMC7957212.xml,7726,8fbc6690ec9ff91867302ce39f7b6ebcc62ced227593cd84cbb5cb9397d49448,https://creativecommons.org/licenses/by/4.0/,OK,,2026-09-28T21:02:15+0900
N3-27373,original,10.1038/srep32196,PMC4995536,n3_fulltext\original\PMC4995536.xml,141841,e9b0ccdbf76d61d449a9a18333af87ec9965821d0080261e11bc7496138247c9,http://creativecommons.org/licenses/by/4.0/,OK,,2026-09-28T21:02:16+0900
N3-27373,notice,10.1038/s41598-021-87406-5,PMC8032828,n3_fulltext\notice\PMC8032828.xml,14934,e4e8914cd4baef65645c0458850010adfbdb0c22b93edab666733a506558423a,https://creativecommons.org/licenses/by/4.0/,OK,,2026-09-28T21:02:17+0900
N3-8362,original,10.1186/s40001-015-0165-x,PMC4546317,n3_fulltext\original\PMC4546317.xml,63117,0e82b06527037670451f906a4b529f6591cc2178ef1bf09840eb0a30db096bf5,https://creativecommons.org/licenses/by/4.0/,OK,,2026-09-28T21:02:19+0900
N3-8362,notice,10.1186/s40001-017-0267-8,PMC5543746,n3_fulltext\notice\PMC5543746.xml,9883,b6287437316ccdfc71267abe6e2b8bea471ab150c3f6a3d97b34a383227777ff,https://creativecommons.org/licenses/by/4.0/,OK,,2026-09-28T21:02:20+0900
N3-6406,original,10.1371/journal.pone.0116682,PMC4319784,n3_fulltext\original\PMC4319784.xml,97084,79eeb6aefc929c1619011df521b62a1210cbc876e431fc9837f1c30554095713,http://creativecommons.org/licenses/by/4.0/,OK,,2026-09-28T21:02:21+0900
N3-6406,notice,10.1371/journal.pone.0181509,PMC5507545,n3_fulltext\notice\PMC5507545.xml,10441,692f21b4f65a337dcba11193c9bb125a5b3933edd5cf5fa8117aeda47c28bfae,http://creativecommons.org/licenses/by/4.0/,OK,,2026-09-28T21:02:23+0900
N3-19192,original,10.1186/s13000-015-0377-y,PMC4546103,n3_fulltext\original\PMC4546103.xml,80082,94dcaf7975c2bb28ca75b981b55cb65ea6543232b49e419650695c2d666dc53f,https://creativecommons.org/licenses/by/4.0/,OK,,2026-09-28T21:02:24+0900
N3-19192,notice,10.1186/s13000-018-0745-5,PMC6134782,n3_fulltext\notice\PMC6134782.xml,8588,78995ef6095b5bf70917f4411d23e44524905d45bdce9b311aa4949999db7b1e,https://creativecommons.org/licenses/by/4.0/,OK,,2026-09-28T21:02:25+0900
N3-20296,original,10.1371/journal.pone.0124344,PMC4400080,n3_fulltext\original\PMC4400080.xml,145097,9893d0714f8246c0e5d0042549787a02ae5db4dfef4a48fe72a0f7d09d7be939,http://creativecommons.org/licenses/by/4.0/,OK,,2026-09-28T21:02:26+0900
N3-20296,notice,10.1371/journal.pone.0215608,PMC6461254,n3_fulltext\notice\PMC6461254.xml,13989,d57a3e5421fc45e3b0b911f111de92fc0b540e01335d1cd5453409aba708f29c,http://creativecommons.org/licenses/by/4.0/,OK,,2026-09-28T21:02:28+0900
N3-17541,original,10.3390/ijerph120809375,PMC4555286,n3_fulltext\original\PMC4555286.xml,93271,0a3ecd88c6cb8c4522ec419cd4f624619c8385747cbe21a446cbc1c105b6d350,https://creativecommons.org/licenses/by/4.0/,OK,,2026-09-28T21:02:30+0900
N3-17541,notice,10.3390/ijerph120910941,PMC4563576,n3_fulltext\notice\PMC4563576.xml,10744,2072b1ee3af8ae1186e7a257e46a7e2737e105d8f62d9402fc105aee1f7e6da2,https://creativecommons.org/licenses/by/4.0/,OK,,2026-09-28T21:02:31+0900
N3-18060,original,10.1371/journal.pone.0140494,PMC4618847,n3_fulltext\original\PMC4618847.xml,75240,80b68ecc71177d08d5235a0d0ebbda108006a5a2a153a45b2ad370160099ec67,http://creativecommons.org/licenses/by/4.0/,OK,,2026-09-28T21:02:32+0900
N3-18060,notice,10.1371/journal.pone.0196768,PMC5919637,n3_fulltext\notice\PMC5919637.xml,10820,df1116d394ac54898c56cef2422896f80d47d68266de22a7d9d156b2dc67dfbc,http://creativecommons.org/licenses/by/4.0/,OK,,2026-09-28T21:02:34+0900
N3-1896,original,10.1155/2015/630430,PMC4475709,n3_fulltext\original\PMC4475709.xml,37329,4280dba33e52ec70b75f0c8f64d031a573c3f021c9609f1ee9c6ec9137cd691b,https://creativecommons.org/licenses/by/3.0/,OK,,2026-09-28T21:02:35+0900
N3-1896,notice,10.1155/2016/2057806,PMC4812906,n3_fulltext\notice\PMC4812906.xml,7398,d1591fa70fba8f61b9cf2c96828080bbc3830ced82efd7628a1ab3fbf1b4dee0,https://creativecommons.org/licenses/by/4.0/,OK,,2026-09-28T21:02:36+0900
N3-47718,original,10.1038/srep12723,PMC4518254,n3_fulltext\original\PMC4518254.xml,47328,cf559ffc47c40038dab4749a485d48d6699347fbd4778ce09bd280a518102a05,http://creativecommons.org/licenses/by/4.0/,OK,,2026-09-28T21:02:37+0900
N3-47718,notice,10.1038/s41598-023-43187-7,PMC10519930,n3_fulltext\notice\PMC10519930.xml,9048,8dd909420baf8b4752c8f4d3036dffffd4cf644d406cb8b5a69d9d68a99df169,https://creativecommons.org/licenses/by/4.0/,OK,,2026-09-28T21:02:38+0900
N3-26197,original,10.1155/2015/905097,PMC4499390,n3_fulltext\original\PMC4499390.xml,28950,a6f8d75f2d3ca05026310084fa350bd5cdbfdaddf0a05363e7b2414694064ac0,https://creativecommons.org/licenses/by/3.0/,OK,,2026-09-28T21:02:39+0900
N3-26197,notice,10.1155/2021/4712417,PMC7889362,n3_fulltext\notice\PMC7889362.xml,7813,e265f4cc502c5cb7dd74021f0c9fe5d70567e8988dd2ea7c9b0948463d181a17,https://creativecommons.org/licenses/by/4.0/,OK,,2026-09-28T21:02:41+0900
N3-37016,original,10.1371/journal.pone.0127517,PMC4452329,n3_fulltext\original\PMC4452329.xml,115318,85604e0f6a95d3c70ca0848f43741a448004ed8277dfef09c9825bd7c6967c7e,http://creativecommons.org/licenses/by/4.0/,OK,,2026-09-28T21:02:43+0900
N3-37016,notice,10.1371/journal.pone.0268372,PMC9070958,n3_fulltext\notice\PMC9070958.xml,12271,91b8f7abe2bb817705243f22e191c794417a4fd7e808ed6b24e53decb6ed8674,https://creativecommons.org/licenses/by/4.0/,OK,,2026-09-28T21:02:45+0900
N3-27329,original,10.1016/j.jaci.2014.12.013,PMC4382348,n3_fulltext\original\PMC4382348.xml,90920,b708636faf0626427678a38464b1fd47f187be1ec194963bfa825686fccd3472,http://creativecommons.org/licenses/by/4.0/,OK,,2026-09-28T21:02:46+0900
N3-27329,notice,10.1016/j.jaci.2021.02.002,PMC8022223,n3_fulltext\notice\PMC8022223.xml,10741,e422ff8ddc407a566c8b750367e39f058b9cd04866108f02e8c05b38fac1b5b4,http://creativecommons.org/licenses/by/4.0/,OK,,2026-09-28T21:02:47+0900
N3-6215,original,10.1186/s40478-014-0166-y,PMC4271461,n3_fulltext\original\PMC4271461.xml,39671,61188334a7032425d12bebe861a462704bffda3eda20d8f15ff27ab305d413f4,https://creativecommons.org/licenses/by/4.0/,OK,,2026-09-28T21:02:49+0900
N3-6215,notice,10.1186/s40478-016-0401-9,PMC5148842,n3_fulltext\notice\PMC5148842.xml,11303,b092d847aa97db016951d57dba6cde47ed8548b70d7a170c2d1e6756b826710c,https://creativecommons.org/licenses/by/4.0/,OK,,2026-09-28T21:02:50+0900
N3-19238,original,10.1371/journal.pone.0112838,PMC4237371,n3_fulltext\original\PMC4237371.xml,90856,42c0fa2d419f35f6502ac1f64773ff9998d3f5a6c02bd4a1511cee0f095adb20,http://creativecommons.org/licenses/by/4.0/,OK,,2026-09-28T21:02:51+0900
N3-19238,notice,10.1371/journal.pone.0204676,PMC6147601,n3_fulltext\notice\PMC6147601.xml,10746,0c0b9049c795dea07c7bfff1ce768d57c768215dc91a2ec498ce1137de705640,http://creativecommons.org/licenses/by/4.0/,OK,,2026-09-28T21:02:52+0900
N3-20633,original,10.1128/genomeA.00956-14,PMC4183869,n3_fulltext\original\PMC4183869.xml,21193,e6f67dd2778c9737c9c4d3a674c0429c324a0db296f24944e9a0c7af074c0759,http://creativecommons.org/licenses/by/3.0/,OK,,2026-09-28T21:02:54+0900
N3-20633,notice,10.1128/MRA.00561-19,PMC6588046,n3_fulltext\notice\PMC6588046.xml,11155,c7c75dae45c1786773b41b86ce3cf61a7e36e0fc1eb70ced24d6905cabc353ef,https://creativecommons.org/licenses/by/4.0/,OK,,2026-09-28T21:02:55+0900
N3-17570,original,10.7554/eLife.03011,PMC5841930,n3_fulltext\original\PMC5841930.xml,124625,b6402d93e64471ef0c8ffba3361f21f8a44957f3becb53a18c890e7a59c1b791,http://creativecommons.org/licenses/by/4.0/,OK,,2026-09-28T21:02:56+0900
N3-17570,notice,10.7554/eLife.35974,PMC5849408,n3_fulltext\notice\PMC5849408.xml,9453,8a9676eff8d9c7f6c939302ab4a7a97b59c9b3ea2eecb19b92967b13d853355b,http://creativecommons.org/licenses/by/4.0/,OK,,2026-09-28T21:02:57+0900
N3-18284,original,10.1371/journal.pone.0105801,PMC4153551,n3_fulltext\original\PMC4153551.xml,87421,2cb5756c2d3ec1237d6516f9438051da0f83ace42cc7c22c1a5467b462c8e920,http://creativecommons.org/licenses/by/4.0/,OK,,2026-09-28T21:02:58+0900
N3-18284,notice,10.1371/journal.pone.0198220,PMC5965860,n3_fulltext\notice\PMC5965860.xml,19185,93035618f271e4fa157770e08902212e599d6470493fe5e672ef3bf1b749ee9c,http://creativecommons.org/licenses/by/4.0/,OK,,2026-09-28T21:03:00+0900
N3-2127,original,10.1371/journal.pone.0093095,PMC3972203,n3_fulltext\original\PMC3972203.xml,80582,f5eb3707d83f47f57d9469ae05df720bf5c8ce9e31659631a6467e82f68df846,http://creativecommons.org/licenses/by/4.0/,OK,,2026-09-28T21:03:01+0900
N3-2127,notice,10.1371/journal.pone.0108566,PMC4167247,n3_fulltext\notice\PMC4167247.xml,9011,f3ef675eb6ba7db438913d54ce64d85f698dfaaf1133ab52bc420f6b58c4a0bc,http://creativecommons.org/licenses/by/4.0/,OK,,2026-09-28T21:03:02+0900
N3-24739,original,10.1016/j.cub.2013.11.061,PMC3928995,n3_fulltext\original\PMC3928995.xml,29024,b946435af3bdbb866f1cd34acfe846af747fd4f560bcf5cb085b1c0a5bb9e9a3,https://creativecommons.org/licenses/by/3.0/,OK,,2026-09-28T21:03:03+0900
N3-24739,notice,10.1016/j.cub.2020.11.015,PMC7728161,n3_fulltext\notice\PMC7728161.xml,8619,d21d9c47b14433be59763838e4d647b7d592a837792d2a2251bec88b556d73c3,http://creativecommons.org/licenses/by/3.0/,OK,,2026-09-28T21:03:04+0900
N3-33717,original,10.1371/journal.pgen.1004792,PMC4222754,n3_fulltext\original\PMC4222754.xml,121632,eda8579042099a8df303f407d9bd13233598773c7fbe0f33062aa573765362f2,http://creativecommons.org/licenses/by/4.0/,OK,,2026-09-28T21:03:05+0900
N3-33717,notice,10.1371/journal.pgen.1009895,PMC8568286,n3_fulltext\notice\PMC8568286.xml,11338,6251d0ea5ffcf559ee3ab28c6cf43f5c35f46efe9316dcd548f4ef1da97009f9,https://creativecommons.org/licenses/by/4.0/,OK,,2026-09-28T21:03:07+0900
N3-11234,original,10.1007/s10157-012-0758-4,PMC3824297,n3_fulltext\original\PMC3824297.xml,167000,eafa6341ec3314f6243bba522726a3c6702dd139c5d1c9a13ee993f9d8dfdbf8,https://creativecommons.org/licenses/by/2.0/,OK,,2026-09-28T21:03:08+0900
N3-11234,notice,10.1007/s10157-017-1466-x,PMC6828022,n3_fulltext\notice\PMC6828022.xml,9461,60f657625f95747ada234143f77aeed58add1d10b36d0508a21c2e752d3bd6b5,,PARTIAL,출판사가 XML 배포를 허용하지 않음,2026-09-28T21:03:09+0900
N3-17101,original,10.3390/foods2010064,PMC5302232,n3_fulltext\original\PMC5302232.xml,86246,7ed8fbf17fc97e03a4d81df631596164b50e6c7e5117e287acc365f267dbf7db,https://creativecommons.org/licenses/by/3.0/,OK,,2026-09-28T21:03:10+0900
N3-17101,notice,10.3390/foods2030350,PMC5302299,n3_fulltext\notice\PMC5302299.xml,11113,b4198808b62cf868ea1045a8e4ee5540a76919a3664e4a6eb9a207570ccc4ed3,https://creativecommons.org/licenses/by/3.0/,OK,,2026-09-28T21:03:12+0900
N3-73105,original,10.1371/journal.pone.0053527,PMC3538595,n3_fulltext\original\PMC3538595.xml,92676,eb6633f7ad7f295e65a2648e1806bb9c77d9d10a8c1b1ac08d8cbbc0fbf50616,https://creativecommons.org/licenses/by/4.0/,OK,,2026-09-28T21:03:13+0900
N3-73105,notice,10.1371/journal.pone.0344761,PMC12981426,n3_fulltext\notice\PMC12981426.xml,11211,6f4d6aa8741687067b98ac33e7a5989b8b2fcefb7157ca0aade0e013a658e04c,https://creativecommons.org/licenses/by/4.0/,OK,,2026-09-28T21:03:14+0900
N3-2056,original,10.1371/journal.pone.0072333,PMC3772090,n3_fulltext\original\PMC3772090.xml,80875,45402508253085293a484189f1fa1b3855682270619127c497d91d6c6c311e5f,http://creativecommons.org/licenses/by/4.0/,OK,,2026-09-28T21:03:15+0900
N3-2056,notice,10.1371/journal.pone.0095513,PMC3984284,n3_fulltext\notice\PMC3984284.xml,9246,31eadd75b2bd930b79e14ddfc9e39de18988fdb4746b50b3feff1082ee57243f,http://creativecommons.org/licenses/by/4.0/,OK,,2026-09-28T21:03:17+0900
N3-4764,original,10.3389/fnhum.2013.00238,PMC3674319,n3_fulltext\original\PMC3674319.xml,121706,3692bc36a8d013238a8765ac4a97ec437666a5ae46fa05e934b25b025e26dee4,http://creativecommons.org/licenses/by/3.0/,OK,,2026-09-28T21:03:18+0900
N3-4764,notice,10.3389/fnhum.2013.00923,PMC3873641,n3_fulltext\notice\PMC3873641.xml,7501,12ac82c5c967b823bea54135b5c5e359ebfbd6db248e1535999a4ec263521f22,http://creativecommons.org/licenses/by/3.0/,OK,,2026-09-28T21:03:19+0900
N3-21442,original,10.1371/journal.pone.0079472,PMC3834156,n3_fulltext\original\PMC3834156.xml,74826,a12d98fefd5096709231fd0de2e90131be0d8565bbb0cba2075a7015f492daf5,http://creativecommons.org/licenses/by/4.0/,OK,,2026-09-28T21:03:20+0900
N3-21442,notice,10.1371/journal.pone.0224189,PMC6799869,n3_fulltext\notice\PMC6799869.xml,11967,95891049dcdc2e124218892cc3b6e49a842846fac9f871dbe05cb2123631b824,http://creativecommons.org/licenses/by/4.0/,OK,,2026-09-28T21:03:22+0900
N3-1939,original,10.1371/journal.pone.0032853,PMC3306368,n3_fulltext\original\PMC3306368.xml,100682,ea9236cf1979f0fa5d866164abd1d69bef1b7fcad019d1baabf14576427ae9e6,https://creativecommons.org/publicdomain/zero/1.0/,OK,,2026-09-28T21:03:23+0900
N3-1939,notice,10.1371/annotation/f9aef9a9-5488-4492-8b8c-1cdded2e3d79,PMC3690296,n3_fulltext\notice\PMC3690296.xml,7357,5c474ec821a0ea8719e625a05861eec702cd2a722800908c076d384036d28c07,http://creativecommons.org/licenses/by/4.0/,OK,,2026-09-28T21:03:25+0900
N3-1725,original,10.1186/bcr3133,PMC3446371,n3_fulltext\original\PMC3446371.xml,126485,4456a1812bedd7bcba2404061c0950266f2fd3f5caca847b95a9d958d02af469,http://creativecommons.org/licenses/by/2.0,OK,,2026-09-28T21:03:25+0900
N3-1725,notice,10.1186/bcr3339,PMC4053114,n3_fulltext\notice\PMC4053114.xml,8649,63a011f5bc7cb0faa99a0f31b4240c1c349c62af774a612a57945f5ef270b284,,OK,,2026-09-28T21:03:27+0900
N3-349,original,10.1074/jbc.M111.325282,PMC3285358,n3_fulltext\original\PMC3285358.xml,9584,07cdc5b0e22020cc2bee2530e3a40371148fae4939354ccf98a467fb8c6fd6f1,,PARTIAL,출판사가 XML 배포를 허용하지 않음,2026-09-28T21:03:27+0900
N3-349,notice,10.1074/jbc.A111.325282,PMC4933194,n3_fulltext\notice\PMC4933194.xml,5676,6b805412e8a312ce16e894fefe48bbf268a4813fd98d998a34512c0958630e48,,PARTIAL,출판사가 XML 배포를 허용하지 않음,2026-09-28T21:03:29+0900
