participant_id,group,sex,week,age,baseline_score,change_score,responder
B001,Treatment,Male,24.0,29.94,44.66,3.26,0
B002,Treatment,Female,12.0,29.66,53.22,-0.041,0
B003,Treatment,M,24.0,30.75,58.35,3.8,0
B004,Treatment,F,12.0,32.95,48.77,7.08,1
B005,Treatment,Male,24.0,32.78,45.61,5.232,1
B006,Treatment,Female,12.0,33.36,57.27,3.626,1
B007,Treatment,M,24.0,34.31,50.56,2.583,0
B008,Treatment,F,12.0,36.73,54.13,5.733,1
B009,Treatment,Male,24.0,37.9,49.66,6.283,1
B010,Treatment,Female,12.0,37.19,61.57,4.077,1
B011,Treatment,M,24.0,39.31,47.88,,0
B012,Treatment,F,12.0,40.92,48.09,7.122,1
B013,Treatment,Male,24.0,40.02,52.87,4.292,1
B014,Treatment,Female,12.0,42.05,39.02,7.193,1
B015,Treatment,M,24.0,42.55,55.55,6.056,1
B016,Treatment,F,12.0,43.7,34.99,4.901,1
B017,Treatment,Male,24.0,44.61,52.82,7.594,1
B018,Treatment,Female,12.0,46.77,53.61,5.921,1
B019,Treatment,M,24.0,47.62,37.78,6.646,1
B020,Treatment,F,12.0,48.83,41.14,5.372,1
B021,Treatment,Male,24.0,48.41,54.41,3.207,0
B022,Treatment,Female,12.0,50.02,49.6,2.082,1
B023,Treatment,M,24.0,51.41,52.92,7.014,1
B024,Treatment,F,12.0,51.99,39.34,3.265,0
B025,Treatment,Male,24.0,52.82,35.08,5.644,1
B026,Treatment,Female,12.0,54.14,52.68,5.937,1
B027,Treatment,M,24.0,55.21,35.67,9.267,1
B028,Treatment,F,12.0,56.42,51.85,3.202,1
B029,Treatment,Male,24.0,56.44,61.03,5.507,1
B030,Treatment,Female,12.0,57.49,43.11,7.003,1
B031,Treatment,M,24.0,58.39,47.62,5.631,1
B032,Treatment,F,12.0,60.4,44.32,7.587,1
B033,Treatment,Male,24.0,60.02,44.66,4.83,1
B034,Treatment,Female,12.0,62.91,68.09,8.646,1
B035,Treatment,M,24.0,62.48,42.46,6.678,1
B036,Treatment,F,12.0,64.93,40.92,4.716,1
B037,Treatment,Male,24.0,28.84,66.95,,1
B038,Treatment,Female,12.0,28.39,56.19,3.539,0
B039,Treatment,M,24.0,30.16,46.07,2.454,1
B040,Treatment,F,12.0,30.14,64.56,3.522,0
B041,Treatment,Male,24.0,32.39,59.92,2.944,0
B042,Treatment,Female,12.0,32.57,41.37,3.599,0
B043,Treatment,M,24.0,34.5,47.36,5.439,1
B044,Treatment,F,12.0,35.58,54.42,5.624,1
B045,Treatment,Male,24.0,36.7,43.05,7.751,1
B046,Treatment,Female,12.0,37.06,58.38,5.436,1
B047,Treatment,M,24.0,37.65,68.01,3.09,0
B048,Treatment,F,12.0,38.7,33.6,2.08,0
B049,control,Male,24.0,40.68,58.95,1.987,0
B050,control,Female,12.0,40.22,53.27,0.27,0
B051,control,M,24.0,41.23,43.49,1.866,0
B052,control,F,12.0,43.31,51.94,2.75,0
B053,control,Male,24.0,44.25,41.55,4.511,1
B054,control,Female,12.0,44.9,60.69,-0.239,0
B055,control,M,24.0,46.55,36.74,2.525,0
B056,control,F,12.0,46.36,51.09,2.598,0
B057,control,Male,24.0,47.49,55.5,3.876,0
B058,control,Female,12.0,48.42,56.19,-0.854,0
B059,control,M,24.0,49.96,52.53,4.029,0
B060,control,F,12.0,51.36,61.62,1.096,0
B061,control,Male,24.0,51.43,46.46,1.857,0
B062,control,Female,12.0,52.4,42.82,1.282,0
B063,control,M,24.0,54.9,45.17,-1.208,0
B064,control,F,12.0,55.26,30.93,4.17,0
B065,control,Male,24.0,56.73,45.87,4.017,1
B066,control,Female,12.0,57.68,48.56,5.845,1
B067,control,M,24.0,58.34,55.35,0.361,0
B068,control,F,12.0,58.56,50.64,5.594,1
B069,control,Male,24.0,59.03,52.85,3.851,1
B070,control,Female,12.0,60.67,46.87,3.302,0
B071,control,M,24.0,62.51,66.4,4.764,1
B072,control,F,12.0,62.43,47.02,3.079,1
B073,control,Male,24.0,63.64,49.45,3.184,0
B074,control,Female,12.0,27.22,52.89,,0
B075,control,M,24.0,29.24,60.96,5.087,1
B076,control,F,12.0,29.49,54.3,-0.095,0
B077,control,Male,24.0,30.58,55.91,-1.587,0
B078,control,Female,12.0,32.55,42.55,-1.607,0
B079,control,M,24.0,33.07,43.16,2.27,0
B080,control,F,12.0,34.37,54.0,-1.635,0
B081,control,Male,24.0,34.21,52.25,-1.092,0
B082,control,Female,12.0,36.14,50.58,-0.971,0
B083,control,M,24.0,36.7,59.34,1.561,0
B084,control,F,12.0,37.73,52.03,2.332,0
B085,control,Male,24.0,38.89,56.78,4.918,0
B086,control,Female,12.0,40.39,49.09,0.382,0
B087,control,M,24.0,41.18,56.84,1.631,0
B088,control,F,12.0,41.1,52.26,-0.455,0
B089,control,Male,24.0,42.08,50.42,0.439,0
B090,control,Female,12.0,43.58,56.05,0.825,0
B091,control,M,24.0,45.94,52.5,0.379,0
B092,control,F,12.0,45.79,46.99,0.51,0
B093,control,Male,24.0,47.06,56.69,1.407,0
B094,control,Female,12.0,47.13,35.24,0.867,0
B095,control,M,24.0,48.09,50.05,-1.084,0
B096,control,F,12.0,50.51,61.14,-0.667,0
