run_id,case_id,condition,status,code_commit,model,input_sha256,prompt_sha256,expected_sha256,judgment,reported_value,computed_value,value_origin,evidence_locator,evidence_valid,stop_required,stopped,result_reused_after_change,unsupported_number,duration_seconds,preparation_seconds,review_seconds,manual_fields_filled,manual_fields_corrected,calls,input_tokens,output_tokens,cost_currency,cost_amount,failure_reason,raw_output_sha256,tool_log_sha256
,C01,general_ai,NOT_RUN,,,,,,,,,,,,,,,,,,,,,,,,,,,,
,C01,without_llm,NOT_RUN,,,,,,,,,,,,,,,,,,,,,,,,,,,,
,C01,with_llm,NOT_RUN,,,,,,,,,,,,,,,,,,,,,,,,,,,,
,C02,general_ai,NOT_RUN,,,,,,,,,,,,,,,,,,,,,,,,,,,,
,C02,without_llm,NOT_RUN,,,,,,,,,,,,,,,,,,,,,,,,,,,,
,C02,with_llm,NOT_RUN,,,,,,,,,,,,,,,,,,,,,,,,,,,,
,C03,general_ai,NOT_RUN,,,,,,,,,,,,,,,,,,,,,,,,,,,,
,C03,without_llm,NOT_RUN,,,,,,,,,,,,,,,,,,,,,,,,,,,,
,C03,with_llm,NOT_RUN,,,,,,,,,,,,,,,,,,,,,,,,,,,,
,C04,general_ai,NOT_RUN,,,,,,,,,,,,,,,,,,,,,,,,,,,,
,C04,without_llm,NOT_RUN,,,,,,,,,,,,,,,,,,,,,,,,,,,,
,C04,with_llm,NOT_RUN,,,,,,,,,,,,,,,,,,,,,,,,,,,,
,C05,general_ai,NOT_RUN,,,,,,,,,,,,,,,,,,,,,,,,,,,,
,C05,without_llm,NOT_RUN,,,,,,,,,,,,,,,,,,,,,,,,,,,,
,C05,with_llm,NOT_RUN,,,,,,,,,,,,,,,,,,,,,,,,,,,,
,C06,general_ai,NOT_RUN,,,,,,,,,,,,,,,,,,,,,,,,,,,,
,C06,without_llm,NOT_RUN,,,,,,,,,,,,,,,,,,,,,,,,,,,,
,C06,with_llm,NOT_RUN,,,,,,,,,,,,,,,,,,,,,,,,,,,,
,C07,general_ai,NOT_RUN,,,,,,,,,,,,,,,,,,,,,,,,,,,,
,C07,without_llm,NOT_RUN,,,,,,,,,,,,,,,,,,,,,,,,,,,,
,C07,with_llm,NOT_RUN,,,,,,,,,,,,,,,,,,,,,,,,,,,,
,C08,general_ai,NOT_RUN,,,,,,,,,,,,,,,,,,,,,,,,,,,,
,C08,without_llm,NOT_RUN,,,,,,,,,,,,,,,,,,,,,,,,,,,,
,C08,with_llm,NOT_RUN,,,,,,,,,,,,,,,,,,,,,,,,,,,,
